tracker,tracker_label,group,no,project,code,developer,launched,apdl,total_units,first_new,remarks,pin,unit_types,note_prefix
seputeh,,,1,The Eden,32-16,BRDB Developments Sdn Bhd,2025-07-01,2025-07-25,146,3,"Big unit (5,533 to Penthouse 19,031sqft)",,,
seputeh,,,2,Imperial Residences- Pavilion DH,30216-1,Pavilion Group (Jendela Mayang S/B),2025-10-01,2025-10-15,154,1,"Big unit (3,380 to 4,090sqft  & Penthouse 7,459sqft).",,,
seputeh,,,3,Royal Suites- Pavilion DH (small unit),30216-2,Pavilion Group (Jendela Mayang S/B),2026-01-01,2026-01-06,490,6,"Small unit (452 to 1,679 sq ft)",,,
seputeh,,,4,The Batai,31078-1,Tan & Tan Dev Berhad (Arabayu Sepakat S/B),2025-12-01,2025-12-03,48,0,"4-storey Villa (4,854 to 5,157 sq ft); left 3 bumi units",,,
seputeh,,,5,Aosis Mont Kiara,31274-1,JKG Land Berhad (Modern Plus Sdn Bhd),2026-04-01,2026-04-10,244,0,"Big unit (1,648 to 3,856 sq ft)",,,
seputeh,,,6,ParkCity Residences,2463-23,Perdana ParkCity S/B,2026-07-26,2026-06-16,433,,"Big unit (2,842 to 10,613 sq ft)",,,
status13,,,1,RESIDENSI WARISAN SALAK SELATAN,31202-1,EC VANTAGE SDN. BHD.,2026-06-18,2026-06-18,1310,,Wilayah Persekutuan Kuala Lumpur,yes,,
status13,,,2,M AURORA,13262-2,MAJORLAND DEVELOPMENT SDN BHD,,2026-03-19,1544,,,,,
status13,,,3,"ARTE STAR
MILANO",30590-2,SURIAMEGA DEVELOPMENT,,2025-11-11,996,,,,,
status13,,,4, M ASPIRA,5911-33,MAH SING GROUP BERHAD,,2024-08-27,1618,,,,,
status13,,,5,"RESIDENSI DESA TIMUR
A DESA",30363-2,FITRAH RESOURCES SDN BHD,,2023-06-23,1218,,,,,
status13,,,6,"RADIUM ARENA
RESIDENSI RADIUM",30821-1,RADIUM GLOBAL SDN BHD,,2024-10-25,988,,,,,
status13,,,7,RESIDENSI AMBIEN,30366-1,FAITHVIEW RESOURCES SDN BHD,,2023-07-18,482,,,,,
status13,,,8,RESIDENSI HANA,13074-4,NATURAL DOMAIN SDN BHD,,2024-02-19,299,,,,,
status13,,,9,"RESIDENSI
SUNWAY COCHRANE",8824-5,SUNWAY COCHRANE SDN BHD,,2025-09-30,1296,,,,,
status13,,,10,RESIDENSI PLATINUM SAUJANA VIOLET 2 (PSV2),20253-3,PEMBINAAN SERTA HEBAT SDN.BHD,,2024-11-14,1500,,,,,
status13,,,11,RESIDENSI VERIDIAN,30876-1,PERUMAHAN MASTERON SDN BHD,,2025-03-27,551,,,,,
status13,,,12,RESIDENSI AURUM,30250-2,AMBER HOMES SRI PETALING SDN BHD,,2023-09-04,661,,,,,
status13,,,13,THE SHANG RESIDENCE,,SHANG HEIGHT REALTY SDN. BHD.,,,449,,,,,
status13,,,14,BINASTRA COCHRANE,31332-1,BINASTRA SYNERGY SDN. BHD.,2026-07-02,2026-07-02,830,,,,,
johor,,Permas Jaya,1,The Straits View Duo,835-14,BRDB,,2025-09-26,715,,,,straits-view-duo,
johor,,Permas Jaya,2,Permas Heights,30946-1,MB World,,2025-02-20,1950,,,,permas-heights,
johor,,Permas Jaya,3,HillView Senibong Cove,14523-4,WM Senibong,,2026-03-25,1500,,Open sale for Block A (416 units) only; tracked against the full development,,hillview-senibong,
johor,,Permas Jaya,4,Parkland by the River,"30635-1,30635-2",Parkland,,2024-08-08,2156,,,,"parkland-phase-1,parkland-phase-2",
johor,,JBCC,1,The Asteriaz,31007-1,Exsim,,2025-07-18,848,,,,,
johor,,JBCC,2,Causewayz Square,"31100-1,31100-2,31100-3,31100-4",Exsim,,2025-11-05,4525,,,,,"Open sale for Block A, B & D only. Block C (833 units) is not opened yet."
johor,,JBCC,3,The Address,31074-1,Maxim Global,,2025-08-15,2743,,,,,
johor,,JBCC,4,M Grand Minori,"9600-6,9600-7",Mah Sing,,2025-08-29,1733,,,,,
johor,,JBCC,5,Skyline One,31031-1,TS Law,,2025-08-20,1623,,,,,
johor,,JBCC,6,Gen Sphere,30828-3,Majestic Gen,,2025-05-27,996,,,,,
johor,,JBCC,7,The Eclipse,,Chin Hin,,,1116,,,,,
johor,,JBCC,8,Amberwood,13531-2,Chin Hin,,2026-01-06,824,,,,,
johor,,JBCC,9,Sunway Majestic,31034-1,Sunway/Majestic Gen,,2025-10-06,1012,,,,,
johor,,JBCC,10,Calia,31149-1,PGB,,2025-12-24,1274,,,,,
ukay,,,1,DaMai,9500-8,SDB Properties Sdn Bhd,,2025-05-22,306,,,,,
ukay,,,2,Trinity Sensoria,20140-2,Trinity Group (Trinity Wellnessa & Enlivea Dev S/B),,2024-10-10,737,,,,,
ukay,,,3,Ukay Spring,,Malton Berhad (Gapadu Harta S/B),,,142,,No TEDUH code,,,
ukay,,,4,Chin Hin Ulu Kelang,,Chin Hin Property (Melawati) S/B,,,1449,,No TEDUH code,,,
ukay,,,5,LEA By The Hills,11519-3,OSK Property (Jelang Vista S/B),,2022-06-09,344,,,,,
ukay,,,6,Park One Residence,597-13,Sime Darby Property (KL East) S/B,,2022-10-07,234,,,,,
ukay,,,7,Sierra Hijauan,"10296-3,10296-4,10296-5,10296-6,10296-7,10296-8,10296-9",IJM Land (Sierra Ukay S/B),,2015-10-10,310,,,,,
ukay,,,8,Embun @ Kemensah,12369-1,Titijaya Land Bhd (Aman Kemensah S/B),,2013-08-17,51,,"Phase 1, completed Dec 2016",,,
ukay,,,9,Emery @ Kemensah,12369-2,Titijaya Land Bhd (Aman Kemensah S/B),,2014-06-25,52,,"First 16 units on TEDUH (registered as Embun); remaining 36 units not yet launched",,,
ukay,,,10,Tijani Ukay Ampang,12166-1,Symphony Life Bhd (Ketapang Realty S/B),,2013-10-22,118,,,,,
ukay,,,11,19Trees,9500-7,SDB Properties Sdn Bhd,,2022-09-27,222,,,,,
ukay,,,12,20Trees,9500-2,SDB Properties Sdn Bhd,,2007-03-26,201,,No unit found on TEDUH,,,
ukay,,,13,Nadayu 63,11078-3,Nadayu Properties (Twin Ridge S/B),,2014-09-10,296,,,,,
ukay,,,14,16 Quartz @ Taman Melawati,12123-1,Mitraland (Mitraland Melawati S/B),,2013-09-10,117,,,,,
ukay,,,15,Trinity Wellnessa,20140-1,Trinity Group (Trinity Wellnessa & Enlivea Dev S/B),,2021-07-16,463,,,,,
ukay,,,16,Nassim Heights,"12437-2,12437-3,12437-4",Newfield Holding (Nassim Development S/B),,2021-02-24,106,,,,,
ukay,,,17,Kelab Ukay Residence,11602-1,Sri Datai / Strong Heritage S/B,,2011-09-13,15,,,,,
ukay,,,18,Villaria,,,,,,,No TEDUH code,,,
seputeh,,,7,MAIA,30141-2,UEM Sunrise (Laser Tower S/B),,2026-06-11,495,,Not yet launched,,,
armani,Armani,,1,Alderwood Residence,31112-1,GOLDEN ALDERWOOD PROPERTIES SDN. BHD.,,2026-01-06,186,,,,,
armani,Armani,,2,Armani Avani,30135-3,ARMANI DEVELOPMENT SDN. BHD.,,2026-03-05,328,,,,,
armani,Armani,,3,Armani Business Park,30705-2,USAHA MULIA SDN. BHD.,,2024-12-06,44,,,,,
armani,Armani,,4,Armani Cameron Residence,"30273-1,30273-2",,,2025-05-13,232,,,,,
armani,Armani,,5,Armani Hallson KLCC,30256-2,ARMANI HALLSON KLCC SDN. BHD.,,2025-06-12,2215,,,,,
armani,Armani,,6,Armani Residence Kepong,6820-8,MAGNA PARK SDN. BHD.,,2024-05-24,306,,,,,
armani,Armani,,7,Armani Residence Setia Alam,30727-1,,,2024-09-26,648,,,,,
armani,Armani,,8,Armani Residence Setia Alam 2,30727-2,,,2026-05-20,998,,,,,
armani,Armani,,9,Armani Residence Shah Alam,30339-1,ARMANI ALLIANCE SDN. BHD.,,2024-01-12,338,,,,,
armani,Armani,,10,Armani Signature Residence,13975-5,GOLDEN ARMANI SDN. BHD.,,2023-11-22,315,,,,,
armani,Armani,,11,Lofthill Residence,30641-1,LOFTHILL DEVELOPMENT SDN. BHD.,,2024-08-02,653,,,,,
armani,Armani,,12,Residensi Armani Kg Baru 1,13975-6,GOLDEN ARMANI SDN. BHD.,,2024-12-06,387,,,,,
armani,Armani,,13,Residensi Armani Putra,30799-1,GOLDEN CHAIN DEVELOPMENT SDN. BHD.,,2026-06-10,984,,,,,
armani,Armani,,14,Taman Bukit Tualang 2,30393-1,GOLDEN ARMANI DEVELOPMENT SDN. BHD.,,2026-08-04,30,,,,,
armani,Armani,,15,Armani Prestige,30135-2,,,2025-07-24,280,,,,,
armani,Armani,,16,Taman PMINT Tebing Tembah 2,13970-3,,,2023-08-29,116,,,,,
avaland,Avaland,,1,Aetas Seputeh,30624-1,ARDENT RESIDENCE SDN. BHD.,,2024-06-07,126,,,,,
avaland,Avaland,,2,Alora Residences @ Avenue25,"30162-1,30162-2",,,2023-08-23,770,,,,,
avaland,Avaland,,3,Amika Residences,20185-3,NEXT DELTA SDN. BHD.,,2024-03-15,468,,,,,
avaland,Avaland,,4,Anja Residences & Signature Retail,"9490-3,9490-4",USJ ONE AVENUE SDN. BHD.,,2024-06-20,900,,,,,
avaland,Avaland,,5,Avalon,"30240-3,30240-4",ECOLAKE RESIDENCE SDN. BHD.,,2025-07-07,343,,,,,
avaland,Avaland,,6,Sanderling 2 Lakefront,12047-4,LAKEFRONT RESIDENCE SDN. BHD.,,2024-09-24,606,,,,,
avaland,Avaland,,7,Accent Petaling Jaya,,,,,231,,,,,Not launched yet.
avaland,Avaland,,8,Aetas Damansara,20017-1,,,2020-12-12,226,,,,,
avaland,Avaland,,9,Aetas Taman Desa,,,,,,,Not yet launched,,,
binastra,Binastra,,1,Binastra Cochrane,31332-1,BINASTRA SYNERGY SDN. BHD.,,2026-07-02,830,,,,,
binastra,Binastra,,2,Binastra Cochrane 2,,BINASTRA SYNERGY SDN. BHD.,,,830,,,,,Not launched yet.
binastra,Binastra,,3,Binastra The Hill @ Kemensah,,,,,,,,,,Not on TEDUH.
chinhin,Chin Hin,,1,Amberwood Resort Residences,13531-2,AFFLUENT CRAFTS SDN. BHD.,,2026-01-06,824,,,,,
chinhin,Chin Hin,,2,Aricia Residences,30632-1,ARICIA SDN. BHD.,,2025-01-25,787,,,,,
chinhin,Chin Hin,,3,Avantro Residences,30190-1,BOON KOON COMMERCIAL SDN. BHD.,,2023-11-28,842,,,,,
chinhin,Chin Hin,,4,Ayanna Resort Residences,"30382-1,30382-2",BKSP AUTOWORLD SDN. BHD.,,2023-06-21,824,,,,,
chinhin,Chin Hin,,5,Crown Penang,30744-1,STELLAR PLATINUM SDN. BHD.,,2024-07-30,588,,,,,
chinhin,Chin Hin,,6,DIVINE KLCC,31096-1,SINARAN URUSJUTA SDN. BHD.,,2026-06-21,1033,,,,,
chinhin,Chin Hin,,7,Quaver Residence,30064-1,QUAVER SDN. BHD.,,2022-08-24,684,,,,,
chinhin,Chin Hin,,8,Residensi Andalan,30382-3,BKSP AUTOWORLD SDN. BHD.,,2024-07-15,823,,,,,
chinhin,Chin Hin,,9,Botanica Hills,"30907-1,30907-2",,,2025-08-27,231,,,,,
chinhin,Chin Hin,,10,Dawn KLCC,30629-2,,,2024-08-01,492,,,,,
exsim,Exsim,,1,Branniganz Suites,30784-1,LEMBARAN BERUNTUNG SDN. BHD.,,2024-08-14,269,,,,,
exsim,Exsim,,2,D'Clover Residences,20011-3,MIGHTYPROP  SDN. BHD.,,2023-01-20,593,,,,,
exsim,Exsim,,3,D'Terra Residences,20011-2,MIGHTYPROP  SDN. BHD.,,2023-01-20,767,,,,,
exsim,Exsim,,4,D'Tessera Residences,20011-4,MIGHTYPROP  SDN. BHD.,,2023-04-17,671,,,,,
exsim,Exsim,,5,Hanaz Suites,13666-2,SUNRISE CHARM SDN. BHD.,,2025-01-02,98,,,,,
exsim,Exsim,,6,Hugoz Suites,30370-1,ARMADA ISTIMEWA SDN. BHD.,,2023-09-15,320,,,,,
exsim,Exsim,,7,Kyliez Suites,30789-1,EXSIM AVENUE SDN. BHD.,,2024-08-07,126,,,,,
exsim,Exsim,,8,Noordinz Suites,30571-1,EXSIM NOORDIN SDN. BHD.,,2023-11-21,603,,,,,
exsim,Exsim,,9,Qubaz Suites,30914-1,EXSIM KG TIONG (KT)  SDN. BHD.,,2025-02-28,759,,,,,
exsim,Exsim,,10,Sea Crestz,30830-1,KUANTAN WATERFRONT RESORT CITY SDN. BHD.,,2025-03-20,456,,,,,
exsim,Exsim,,11,The Aldenz,20011-5,MIGHTYPROP  SDN. BHD.,,2025-07-01,662,,,,,
exsim,Exsim,,12,The Asteriaz,31007-1,EXSIM KEBUN TEH SDN. BHD.,,2025-07-18,848,,,,,
exsim,Exsim,,13,The Fiddlewoodz,20084-1,IVORY INTERPOINT SDN. BHD.,,2021-03-27,679,,,,,
exsim,Exsim,,14,The Kingswoodz,30741-1,EXSIM JALIL LINK   SDN. BHD.,,2024-08-12,1558,,,,,
exsim,Exsim,,15,The Lighthauz,31088-1,EXSIM WATERFRONT SDN. BHD.,,2025-10-22,671,,,,,
exsim,Exsim,,16,The Queenswoodz,30741-2,EXSIM JALIL LINK   SDN. BHD.,,2026-03-18,1004,,,,,
exsim,Exsim,,17,The Vividz,30357-2,EXSIM BUKIT JALIL CITY SDN. BHD.,,2025-05-29,1138,,,,,
exsim,Exsim,,18,Veladaz Residences,30357-1,EXSIM BUKIT JALIL CITY SDN. BHD.,,2023-10-19,508,,,,,
exsim,Exsim,,19,Causewayz Square @ JBCC,"31100-1,31100-2,31100-3,31100-4",,,2025-11-05,4525,,,,,
exsim,Exsim,,20,The Stallionz,30131-1,,,2022-10-06,424,,,,,
mahsing,Mah Sing,,1,Allamanda 5 & 6 @ Meridin East,"14297-25,14297-28",MERIDIN EAST SDN. BHD.,,2025-02-24,235,,,,,
mahsing,Mah Sing,,2,Ferringhi Residence 2,"12324-1,12324-2",UPTREND HOUSING DEVELOPMENT SDN. BHD.,,2013-12-14,678,,,,,
mahsing,Mah Sing,,3,Jasmine 2 @ Meridin East,14297-24,MERIDIN EAST SDN. BHD.,,2025-02-03,168,,,,,
mahsing,Mah Sing,,4,M Amaya,12029-4,VIENNA VIEW DEVELOPMENT SDN. BHD.,,2026-05-19,833,,,,,
mahsing,Mah Sing,,5,M Aria,31251-1,M ARIA SDN. BHD.,,2026-01-14,606,,,,,
mahsing,Mah Sing,,6,M Aspira,5911-33,MAH SING PROPERTIES SDN. BHD.,,2024-08-27,1618,,,,,
mahsing,Mah Sing,,7,M Aurora,13262-2,MAJOR LAND DEVELOPMENT SDN. BHD.,,2026-03-19,1544,,,,,
mahsing,Mah Sing,,8,M Azura,30834-1,M AZURA  SDN. BHD.,,2024-08-27,1140,,,,,
mahsing,Mah Sing,,9,M Legasi,"30897-1,30897-2,30897-3",MESTIKA BISTARI SDN. BHD.,,2025-04-07,817,,,,,
mahsing,Mah Sing,,10,M Nova,"11202-4,11202-5",MYVILLA DEVELOPMENT SDN. BHD.,,2023-08-08,2080,,,,,
mahsing,Mah Sing,,11,M Panora,"11998-4,11998-5",SEMAI MERANTI SDN. BHD.,,2022-09-06,396,,,,,
mahsing,Mah Sing,,12,M Sinar @ Southville City,"13425-8,13425-9",SOUTHVILLE CITY SDN. BHD.,,2024-05-31,999,,,,,
mahsing,Mah Sing,,13,M Terra,30805-1,SUPREME SPRINGS SDN. BHD.,,2024-07-25,999,,,,,
mahsing,Mah Sing,,14,M Tiara,"10279-5,10279-6,10279-7,10279-8",VENICE VIEW DEVELOPMENT SDN. BHD.,,2024-08-19,754,,,,,
mahsing,Mah Sing,,15,M Zenni,12029-3,VIENNA VIEW DEVELOPMENT SDN. BHD.,,2025-09-23,494,,,,,
mahsing,Mah Sing,,16,M Zenya,11430-2,M ZENYA  SDN. BHD.,,2024-04-01,619,,,,,
mahsing,Mah Sing,,17,M Grand Minori,"9600-6,9600-7",,,2025-08-29,1733,,,,,
mahsing,Mah Sing,,18,M Minori,"30440-1,30440-2,30440-3",,,2023-10-02,1526,,,,,
majesticgen,Majestic Gen,,1,Gen Rise,30828-2,MAJESTIC GEN  SDN. BHD.,,2024-12-05,732,,,,,
majesticgen,Majestic Gen,,2,Gen Sphere,30828-3,MAJESTIC GEN  SDN. BHD.,,2025-05-27,996,,,,,
majesticgen,Majestic Gen,,3,Gen Starz,30828-1,MAJESTIC GEN  SDN. BHD.,,2024-10-04,360,,,,,
majesticgen,Majestic Gen,,4,Majestic Residence,30244-1,MAJESTIC LUXE SDN. BHD.,,2023-03-10,478,,,,,
majesticgen,Majestic Gen,,5,Majestic Yu,30990-1,MAJESTIC GEN (SOUTHERN) SDN. BHD.,,2025-06-23,106,,,,,
majesticgen,Majestic Gen,,6,Yahya Awal Mixed Development (JV with Sunway Property),31034-1,SUNWAY MAJESTIC  SDN. BHD.,,2025-10-06,1012,,,,,
majesticgen,Majestic Gen,,7,George Town High-Rise Development,,,,,,,,,,Not launched yet.
majesticgen,Majestic Gen,,8,Majestic Aman,30989-1,,,2025-06-05,73,,,,,
majesticgen,Majestic Gen,,9,Majestic Flora,12069-7,,,2026-06-18,140,,,,,
majesticgen,Majestic Gen,,10,Majestic PD Township*,,,,,97,,,,,Not launched yet.
malton,Malton,,1,Mutiara Kempas,31139-1,KHUAN CHOO SDN. BHD.,,2026-04-09,562,,,,,
malton,Malton,,2,Mutiara Lake Puchong,8950-4,INTERPILE (M) SDN BHD,,2026-03-27,526,,,,,
malton,Malton,,3,Park Green @ Pavilion Bukit Jalil,30667-1,REGAL PATH SDN. BHD.,,2024-09-30,453,,,,,
malton,Malton,,4,Ria Bangsar South,14035-6,KUMPULAN GAPADU SDN. BHD.,,2025-04-21,336,,,,,
malton,Malton,,5,River Park Bangsar South,"14035-4,14035-5",,,2022-02-25,1332,,,,,
maxim,Maxim,,1,Residensi Max II,30267-1,PROMINENT MAXIM SDN. BHD.,,2023-06-26,604,,,,,
maxim,Maxim,,2,Residensi Maxim D’Parc,31046-1,MIZUMI MAXIM SDN. BHD.,,2026-02-04,1116,,,,,
maxim,Maxim,,3,Residensi Maxim Pelangi,31074-1,MAXIM PELANGI SDN. BHD.,,2025-08-15,2743,,,,,
maxim,Maxim,,4,Residensi Maxim Risen,30037-1,BUILTAMONT DEVELOPMENT SDN. BHD.,,2022-06-21,1236,,,,,
maxim,Maxim,,5,Residensi The Atas,19088-3,KAISAR MAXIM SDN. BHD.,,2024-04-30,624,,,,,
platinumvictory,Platinum Victory,,1,MHP3 Residences,30581-1,MHP3 SDN. BHD.,,2023-12-10,1688,,,,,
platinumvictory,Platinum Victory,,2,PV22 Residences,9832-11,PLATINUM VICTORY DEVELOPMENT SDN. BHD.,,2024-02-12,2082,,,,,
platinumvictory,Platinum Victory,,3,Platinum Melati Residences (Vista Melati),31008-1,SMART ADVANCE RESOURCES SDN. BHD.,,2025-06-19,794,,,,,
platinumvictory,Platinum Victory,,4,PSV1 Residences,20253-2,,,2022-11-04,500,,,,,
platinumvictory,Platinum Victory,,5,PSV2 Residences,20253-3,,,2024-11-14,1500,,,,,
platinumvictory,Platinum Victory,,6,The Maison 23,30937-1,,,2025-02-26,23,,,,,
skyworld,Skyworld,,1,SkyAwani PRIMA Residences,31051-1,,,2025-07-22,492,,,,,
skyworld,Skyworld,,2,Curvo Residences,30176-1,,,2023-01-11,830,,,,,
skyworld,Skyworld,,3,SkyAman 1 Residences,30976-1,,,2025-06-11,510,,,,,
skyworld,Skyworld,,4,SkyWorld Pearlmont,"31075-1,31075-2",,,2025-07-17,3982,,,,,
skyworld,Skyworld,,5,Vesta Residences,19840-2,,,2023-07-17,1001,,,,,
tslaw,TS Law,,1,Skyline (Eastside) @ OneSentosa,31031-1,PLAZA SENTOSA PROPERTIES SDN. BHD.,,2025-08-20,1623,,,,,
tslaw,TS Law,,2,Skyline Kuchai,"30331-1,30331-2",L & T REALTY SDN. BHD.,,2023-01-13,1838,,,,,
tslaw,TS Law,,3,KL Exchange (KLX),,,,,,,,,,Not launched yet.
tslaw,TS Law,,4,Residence Hill,9158-9,,,2021-07-17,42,,,,,
tslaw,TS Law,,5,Skyline Embassy,"19760-1,19760-2",,,2019-09-14,1296,,,,,
trinitygroup,Trinity Group,,1,Trinity Nordic/Zia,30857-1,OLYMPIC BUILDERS SDN. BHD.,,2025-06-05,714,,,,,
trinitygroup,Trinity Group,,2,Trinity Sensoria,20140-2,TRINITY WELLNESSA & ENLIVEA DEVELOPMENT SDN. BHD.,,2024-10-10,737,,,,,
trinitygroup,Trinity Group,,3,Lot 850 @ Ampang,,,,,,,,,,Not launched yet.
trinitygroup,Trinity Group,,4,MA Land,,,,,2964,,,,,Not launched yet.
trinitygroup,Trinity Group,,5,Permas Jaya – Phase 1,,,,,,,,,,Not launched yet.
trinitygroup,Trinity Group,,6,Permas Jaya – Phase 2,,,,,,,,,,Not launched yet.
trinitygroup,Trinity Group,,7,Permas Jaya – Phase 3,,,,,,,,,,Not launched yet.
trinitygroup,Trinity Group,,8,Trinity Activerse,,,,,,,,,,Not launched yet.
trinitygroup,Trinity Group,,9,Trinity Rainfora,10826-4,,,2023-05-23,535,,,,,
radium,Radium,,1,Radium Adesa @ KL (incl. Adesa Luxe Residences),30363-2,FITRAH RESOURCES SDN. BHD.,,2023-06-23,1218,,,,,
radium,Radium,,2,Vista Adesa @ KL,30363-1,FITRAH RESOURCES SDN. BHD.,,2023-05-08,1218,,,,,
radium,Radium,,3,Radium Arena @ Old Klang Road,30821-1,RADIUM GLOBAL SDN. BHD.,,2024-10-25,988,,,,,
radium,Radium,,4,Chancery Ampang @ KL,30121-1,IDAMAN SEJIWA (AMPANG) SDN. BHD.,,2022-11-15,944,,,,,
radium,Radium,,5,Radium Evara,31310-1,RASA WANGI DEVELOPMENT SDN. BHD.,,2026-07-24,797,,,,,
cpiland,CPI Land,,1,Dian Residency,19991-1,ARA VILLE SDN. BHD.,,2020-10-07,651,,,,,
cpiland,CPI Land,,2,Serintin,14377-1,BERKELEY HEIGHTS SDN. BHD.,,,137,,,,,
cpiland,CPI Land,,3,Permata Gemma,30965-1,CPI ASSET SDN. BHD.,,,60,,,,,
cpiland,CPI Land,,4,Tuan 2egacy,20179-1,CPI CITY SDN. BHD.,,2021-11-10,596,,,,,
cpiland,CPI Land,,5,Avantas,12287-1,CPI DEVELOPMENT SDN. BHD.,,2013-03-13,198,,,,,
cpiland,CPI Land,,6,Residensi Dian II,30260-1,CPI GLENMARIE SDN. BHD.,,2023-02-24,748,,,,,
cpiland,CPI Land,,7,Selayang Mulia,,CPI MULIA SDN. BHD.,,,,,,,,Not launched yet.
cpiland,CPI Land,,8,Permas,,CPI PERMAS SDN. BHD.,,,,,,,,Not launched yet.
cpiland,CPI Land,,9,Residensi Warisan Salak Selatan,31202-1,EC VANTAGE SDN. BHD.,,2026-06-18,1310,,,,,
cpiland,CPI Land,,10,Residensi Selingsing,19301-1,ELITE WORLD SDN. BHD.,,,577,,,,,
cpiland,CPI Land,,11,Kerian Links,19795-1,KNT MEDIA SDN. BHD.,,2019-10-24,11,,,,,
lbs,LBS,,1,Imperial Garden @ Bandar Putera Indah,11018-3,MITC SDN. BHD.,,2023-04-12,30,,,,,
lbs,LBS,,2,Sapphire Garden @ Bandar Putera Indah,11018-4,MITC SDN. BHD.,,2023-08-18,33,,,,,
lbs,LBS,,3,Idaman Perdana @ LBS Alam Perdana,19183-13,KEMUDI EHSAN SDN. BHD.,,2024-06-20,1048,,,,,
lbs,LBS,,4,Pangsapuri Saujana Indah,19398-5,MULTI COURT DEVELOPERS SDN. BHD.,,2023-03-09,595,,,,,
lbs,LBS,,5,Pangsapuri Saujana Indah,19398-6,MULTI COURT DEVELOPERS SDN. BHD.,,2023-09-27,393,,,,,
lbs,LBS,,6,KITA Bestari @ KITA Cybersouth,19533-5,SELOKA SINARAN SDN. BHD.,,2023-03-14,817,,,,,
lbs,LBS,,7,Idaman Kita @ Cybersouth,19533-6,SELOKA SINARAN SDN. BHD.,,,1242,,,,,
lbs,LBS,,8,Pangsapuri Kita Seri @ KITA Cybersouth,19924-3,KOLEKSI SIGMA SDN. BHD.,,,1171,,,,,
lbs,LBS,,9,BSP Sutera,8695-14,SERIBU BAIDURI SDN. BHD.,,2024-04-02,421,,,,,
lbs,LBS,,10,Pangsapuri Kita Sejati,30027-1,,,2022-09-23,1054,,,,,
lbs,LBS,,11,Centrum Iris + Centrum Iris Shop,30401-1,,,2025-01-08,705,,,,,
lbs,LBS,,12,Taman Kinding Flora,"19632-1,19632-2,19632-3,19632-4,19632-5,19632-6,19632-7,19632-8,19632-9,19632-10,19632-11,19632-12,19632-13",,,2019-03-15,754,,,,,
lbs,LBS,,13,Alam Perdana Industrial Park,11482-10,,,2023-06-02,76,,,,,
lbs,LBS,,14,Skyria - Block A,11482-12,,,2024-04-17,608,,,,,
lbs,LBS,,15,Alam Perdana Industrial Park,11482-11,,,2023-08-01,79,,,,,
lbs,LBS,,16,Prestige Residence,20162-1,,,2021-09-23,725,,,,,
lbs,LBS,,17,Prestige Residence - Block B,20162-2,,,2023-03-07,725,,,,,
lbs,LBS,,18,Kita Bestari,19533-5,,,2023-03-14,817,,,,,
lbs,LBS,,19,Corallia @ D'Island,11482-8,,,2015-07-11,56,,,,,
lbs,LBS,,20,SkyVilla @ D'Island,11482-7,,,2015-05-28,352,,,,,
lbs,LBS,,21,Nautilus @ D'Island,11482-5,,,2011-12-09,115,,,,,
lbs,LBS,,22,Skylake @ D'Island,11482-9,,,2017-08-18,746,,,,,
lbs,LBS,,23,Ritma Perdana,19183-11,,,2020-07-17,1151,,,,,
lbs,LBS,,24,Emerald Garden 3,"7702-44,7702-45,7702-46,7702-47,7702-48",,,2021-03-04,155,,,,,
lbs,LBS,,25,BSP21,"8945-4,8945-5,8945-6,8945-7",,,2014-12-03,2602,,,,,
lbs,LBS,,26,BSP Skypark,8945-3,,,2013-12-19,689,,,,,
lbs,LBS,,27,Sherwood Residence,,,,,,,,,,Not launched yet.
lbs,LBS,,28,Amira Residences,,,,,,,,,,Not launched yet.
lagenda,Lagenda,,1,Lagenda Ardea,11225-11,BLOSSOM EASTLAND SDN. BHD.,,2024-05-01,831,,,,,
lagenda,Lagenda,,2,Lagenda Ardea,11225-12,BLOSSOM EASTLAND SDN. BHD.,,2024-06-30,691,,,,,
lagenda,Lagenda,,3,Lagenda Ardea,11225-13,BLOSSOM EASTLAND SDN. BHD.,,2024-06-30,818,,,,,
lagenda,Lagenda,,4,Setia Residen (Aurora),11225-14,BLOSSOM EASTLAND SDN. BHD.,,,75,,,,,
lagenda,Lagenda,,5,Bandar Baru Setia Awan Perdana,14283-16,TARAF NUSANTARA SDN. BHD.,,2022-12-21,932,,,,,
lagenda,Lagenda,,6,Lagenda Teluk Intan,14283-17,TARAF NUSANTARA SDN. BHD.,,2023-01-12,773,,,,,
lagenda,Lagenda,,7,Bandar Baru Setia Awan Perdana,14283-18,TARAF NUSANTARA SDN. BHD.,,2023-02-21,1048,,,,,
lagenda,Lagenda,,8,Bandar Baru Setia Awan Perdana,14283-19,TARAF NUSANTARA SDN. BHD.,,2023-03-03,664,,,,,
lagenda,Lagenda,,9,Lagenda Teluk Intan,14283-20,TARAF NUSANTARA SDN. BHD.,,2023-10-19,980,,,,,
lagenda,Lagenda,,10,La'Indera (Palma phase),19599-2,LPB DEVELOPMENT  SDN. BHD.,,2024-11-12,1009,,,,,
lagenda,Lagenda,,11,Lagenda Damai (Bayu Phase 1A),19599-3,LPB DEVELOPMENT  SDN. BHD.,,2025-08-11,936,,,,,
lagenda,Lagenda,,12,Lagenda Damai,19599-4,LPB DEVELOPMENT  SDN. BHD.,,2025-10-15,954,,,,,
lagenda,Lagenda,,13,La'Indera - Palma phase,19599-5,LPB DEVELOPMENT  SDN. BHD.,,2025-11-20,379,,,,,
lagenda,Lagenda,,14,La'Indera - Tiara phase,19599-6,LPB DEVELOPMENT  SDN. BHD.,,2025-12-24,1540,,,,,
lagenda,Lagenda,,15,Puncak Warisan (Seri Embun/Seri Ratna),20081-2,OPTI VEGA SDN. BHD.,,2024-04-25,639,,,,,
lagenda,Lagenda,,16,Puncak Warisan (Warisan Square),20081-3,OPTI VEGA SDN. BHD.,,2025-06-06,104,,,,,
lagenda,Lagenda,,17,? unconfirmed,20128-2,HEKTAR MUDA SDN. BHD.,,,18,,,,,
lagenda,Lagenda,,18,Darulaman Lagenda (Phase 3A/3B),30102-3,BDB LAGENDA  SDN. BHD.,,2023-07-03,636,,,,,
lagenda,Lagenda,,19,Darulaman Lagenda,30102-4,BDB LAGENDA  SDN. BHD.,,2025-08-11,398,,,,,
lagenda,Lagenda,,20,Residensi Jati De Meru,30155-1,MAJU TELUK BATIK SDN BHD.,,2024-01-11,1084,,,,,
lagenda,Lagenda,,21,Residensi Jati De Meru (Phase 1B),30155-2,MAJU TELUK BATIK SDN BHD.,,,1084,,,,,
lagenda,Lagenda,,22,Lagenda Suria (Phase 1A/1B),30223-1,LAGENDA MERSING  SDN. BHD.,,2023-09-02,608,,,,,
lagenda,Lagenda,,23,Lagenda Suria,30223-2,LAGENDA MERSING  SDN. BHD.,,2024-04-16,359,,,,,
lagenda,Lagenda,,24,La Lumiere (Nova/Lyra phases),30223-3,LAGENDA MERSING  SDN. BHD.,,2025-03-28,893,,,,,
lagenda,Lagenda,,25,La Lumiere,30223-4,LAGENDA MERSING  SDN. BHD.,,2025-07-24,1918,,,,,
lagenda,Lagenda,,26,Lagenda Suria - Samudra phase,30223-5,LAGENDA MERSING  SDN. BHD.,,2025-08-20,1379,,,,,
lagenda,Lagenda,,27,La Lumiere - Lexa phase,30223-6,LAGENDA MERSING  SDN. BHD.,,2026-03-13,800,,,,,
lagenda,Lagenda,,28,La Lumiere - Rhea phase,30223-7,LAGENDA MERSING  SDN. BHD.,,,2013,,,,,
lagenda,Lagenda,,29,Taman Pengkalan Impian (i-Molek),30348-3,ANJURAN LAGENDA SDN. BHD.,,2024-02-29,201,,,,,
lagenda,Lagenda,,30,Taman Pengkalan Impian,30348-4,ANJURAN LAGENDA SDN. BHD.,,2025-06-16,146,,,,,
lagenda,Lagenda,,31,Taman Pengkalan Impian,30348-5,ANJURAN LAGENDA SDN. BHD.,,2025-09-10,196,,,,,
lagenda,Lagenda,,32,Lagenda Aman (Shorea/Dahlia phases),30377-1,LAGENDA TAPAH  SDN. BHD.,,2023-05-23,1449,,,,,
lagenda,Lagenda,,33,Taman Cinta Lagenda,30781-1,LAGENDA ARMADA SDN. BHD.,,2024-11-12,124,,,,,
lagenda,Lagenda,,34,Taman Kota Lagenda,7213-8,BERIBU LAGENDA SDN. BHD.,,2024-03-01,49,,,,,
lagenda,Lagenda,,35,Bidoria Residensi,19950-2,,,2023-04-21,56,,,,,
lagenda,Lagenda,,36,Maxitanah Sdn. Bhd. Terraced Homes,19950-1,,,2020-08-08,397,,,,,
lagenda,Lagenda,,37,Lagenda Teluk Intan,14283-14,,,2021-12-03,1098,,,,,
lagenda,Lagenda,,38,Lagenda Tropika,14283-13,,,2021-11-11,1783,,,,,
lagenda,Lagenda,,39,Bandar Baru Setiaawan Perdana,14283-15,,,2021-12-15,668,,,,,
lagenda,Lagenda,,40,Taman Bemban Permai,14283-9,,,2020-01-14,303,,,,,
lagenda,Lagenda,,41,Taman Mulia Signature,"11225-9,11225-10",,,2020-01-21,242,,,,,
setiaawan,Setia Awan,,1,Astrum Ampang,11590-4,ASTRUM AMPANG  SDN. BHD.,,2021-07-20,2024,,,,,
setiaawan,Setia Awan,,2,Astrum Ampang,11590-5,ASTRUM AMPANG  SDN. BHD.,,2023-02-20,1132,,,,,
setiaawan,Setia Awan,,3,Klebang Cove Residensi,30428-1,PLUTOVEST SDN. BHD.,,2023-12-11,648,,,,,
setiaawan,Setia Awan,,4,Taman Bidor Bistari 2,30442-1,SURIA LAFAZ SDN. BHD.,,2024-07-11,374,,,,,
setiaawan,Setia Awan,,5,Taman Bidor Bistari 2,30442-2,SURIA LAFAZ SDN. BHD.,,2025-03-05,457,,,,,
setiaawan,Setia Awan,,6,Astrum Shah Alam,30552-1,ASTRUM SHAH ALAM SDN. BHD.,,2024-07-12,858,,,,,
setiaawan,Setia Awan,,7,Astrum Shah Alam,30552-2,ASTRUM SHAH ALAM SDN. BHD.,,,394,,,,,
setiaawan,Setia Awan,,8,Taman Sutera Wangi,30783-1,NUSA MURNI SDN. BHD.,,2024-10-02,256,,,,,
setiaawan,Setia Awan,,9,Taman Sutera Wangi,30783-2,NUSA MURNI SDN. BHD.,,2026-07-03,97,,,,,
setiaawan,Setia Awan,,10,Sena Residences,31070-1,STARHILL CENTURY SDN. BHD.,,2025-10-09,2042,,,,,
setiaawan,Setia Awan,,11,Residensi Bayu 3,9994-4,WANGSA KERINGAT DEVELOPMENT SDN. BHD.,,2023-01-09,300,,,,,
setiaawan,Setia Awan,,12,Brezza Hill,9994-3,,,2014-12-05,660,,,,,
setiaawan,Setia Awan,,13,Kemayan Heights,10346-2,,,2018-12-29,120,,,,,
setiaawan,Setia Awan,,14,Residensi Seri Serindit,19314-1,,,2018-02-14,2070,,,,,
mbworld,MB World,,1,Vista Tiara (MBW Bay),30688-1,MB WORLD PROPERTIES SDN. BHD.,,2024-06-04,1299,,,,,
mbworld,MB World,,2,Permas Heights,30946-1,BLOOMING PROPERTIES SDN. BHD.,,2025-02-20,1950,,,,,
mbworld,MB World,,3,Avenue Residences (MBW City Ph.3),20101-2,MBW CITY SDN. BHD.,,,1796,,,,,
mbworld,MB World,,4,Veranda Residences Phase 2 (MBW City Ph.4),19932-2,PARKWOOD PALMS SDN. BHD.,,2025-05-07,649,,,,,
mbworld,MB World,,5,Florian Residences Towers 1-8 (MBW Bay),,,,,704,,,,,Not launched yet.
mbworld,MB World,,6,Ariela Residences (MBW Cove),30588-4,MBW COVE SDN. BHD.,,,449,,,,,
mbworld,MB World,,7,Aville Residences (MBW Cove),30588-1,MBW COVE SDN. BHD.,,2024-06-13,1046,,,,,
mbworld,MB World,,8,Taman Teluk Permata (MBW Cove),30588-2,MBW COVE SDN. BHD.,,2024-06-14,63,,,,,
mbworld,MB World,,9,Residensi Perbadanan Islam Teluk Permata,30588-3,MBW COVE SDN. BHD.,,,105,,,,,
mbworld,MB World,,10,MBW Boulevard 1,30981-1,TIARA CEMERLANG SDN. BHD.,,2025-06-25,945,,,,,
mbworld,MB World,,11,Mertajam Heights,19387-2,CRYSTAL FABER SDN. BHD.,,2023-03-16,278,,,,,
mbworld,MB World,,12,Aura 1 (Phase 2) @ Taman Sri Penawar,14589-11,COCOA VALLEY DEVELOPMENT SDN. BHD.,,,134,,,,,
sks,SKS,,1,TriTower Residence @ Johor Bahru Sentral,12327-2,SKS SOUTHERN SDN. BHD.,,2013-08-16,360,,,,,
sks,SKS,,2,M Condominium,12381-1,SKS FOCUS SDN. BHD.,,2014-02-20,944,,,,,
sks,SKS,,3,SKS Pavillion Residences,13203-1,SKS PAVILLION SDN. BHD.,,2013-09-27,598,,,,,
sks,SKS,,4,SKS Habitat,12381-2,SKS FOCUS SDN. BHD.,,2017-09-21,646,,,,,
sks,SKS,,5,Twin Tower Residence,19757-1,PARASKY PROJECTS SDN. BHD.,,2019-09-06,458,,,,,
sks,SKS,,6,TriTower Residence,12327-2,SKS SOUTHERN SDN. BHD.,,2013-08-16,360,,,,,
sks,SKS,,7,Sky Habitat,12327-4,SKS SOUTHERN SDN. BHD.,,2014-09-16,184,,,,,
sks,SKS,,8,Pandan Residence I,12327-1,SKS SOUTHERN SDN. BHD.,,2013-12-18,283,,,,,
sks,SKS,,9,Pandan Residence II,12327-3,SKS SOUTHERN SDN. BHD.,,2013-08-28,182,,,,,
sks,SKS,,10,Escadia + Arcadia (Taman Desaru Utama),11786-2,CONTINENTAL MANAGEMENT SDN. BHD.,,2014-12-11,507,,,,,
sks,SKS,,11,Marinea (Taman Desaru Utama),9736-4,TNC CONSOLIDATED SDN. BHD.,,2014-03-06,306,,,,,
sks,SKS,,12,Desaru Utama SSTH,11786-1,CONTINENTAL MANAGEMENT SDN. BHD.,,2011-11-22,985,,,,,
brdb,BRDB,,1,Miranda Hill,11611-2,FREEDOM ESTATES SDN. BHD.,,2022-11-29,552,,,,,
brdb,BRDB,,2,Senja Residence,11807-2,EARTH PAVILION SDN. BHD.,,2023-12-12,83,,,,,
brdb,BRDB,,3,Senja Residence,11807-3,EARTH PAVILION SDN. BHD.,,,34,,,,,
brdb,BRDB,,4,Senja Residence,11807-4,EARTH PAVILION SDN. BHD.,,,47,,,,,
brdb,BRDB,,5,Luminar Residence @ Federal Avenue,30367-1,IMPIANA IMPRESIF SDN. BHD.,,2025-06-11,751,,,,,
brdb,BRDB,,6,One Eleven Menerung,32-15,BRDB DEVELOPMENTS SDN. BHD.,,2021-08-18,111,,,,,
brdb,BRDB,,7,Eden,32-16,BRDB DEVELOPMENTS SDN. BHD.,,2025-07-25,146,,,,,
brdb,BRDB,,8,Bayu Permas Residences,835-12,PERMAS JAYA SDN. BHD.,,2023-09-13,100,,,,,
brdb,BRDB,,9,Rimbunan,835-13,PERMAS JAYA SDN. BHD.,,2024-09-04,198,,,,,
brdb,BRDB,,10,Residensi Dwi Pesona,835-14,PERMAS JAYA SDN. BHD.,,2025-09-26,715,,,,,
brdb,BRDB,,11,Residensi Suasana Permas,835-15,PERMAS JAYA SDN. BHD.,,,399,,,,,
brdb,BRDB,,12,Tamansari,"13819-1,13819-2,13819-3,13819-4,13819-5,13819-6",PINGGIR MENTARI SDN. BHD.,,2014-12-23,991,,,,,
brdb,BRDB,,13,Emerald Bay,"12446-1,12446-2,12446-3",HAUTE PROPERTY SDN. BHD.,,2013-05-01,150,,,,,
brdb,BRDB,,14,Central Residences,835-10,PERMAS JAYA SDN. BHD.,,2020-03-11,291,,,,,
brdb,BRDB,,15,Damansara Heights,,,,,,,,,,Not launched yet.
brdb,BRDB,,16,The Pulse Residence,19907-1,BSC LAND DEVELOPMENT SDN. BHD.,,2020-04-25,579,,,,,
brdb,BRDB,,17,The Straits View Link,835-11,PERMAS JAYA SDN. BHD.,,2022-09-05,142,,,,,
brdb,BRDB,,18,The Straits View Homes,"835-8,835-9",PERMAS JAYA SDN. BHD.,,2018-07-25,269,,,,,
brdb,BRDB,,19,The Straits View Residences,"835-6,835-7",PERMAS JAYA SDN. BHD.,,2010-04-20,220,,,,,
brdb,BRDB,,20,One Menerung,32-13,BRDB DEVELOPMENTS SDN. BHD.,,2006-05-11,229,,,,,
brdb,BRDB,,21,6 CapSquare,5997-1,CAPITAL SQUARE SDN. BHD. (Bandar Raya Developments Bhd),,2004-09-30,180,,,,,
brdb,BRDB,,22,Verdana,11611-1,FREEDOM ESTATES SDN. BHD.,,2011-06-08,298,,,,,
uem,UEM,,1,The Connaught One,10555-15,UEM LAND BERHAD,,2023-03-14,1334,,,,,
uem,UEM,,2,Allegro,11186-18,SYMPHONY HILLS SDN. BHD.,,,68,,,,,
uem,UEM,,3,Intrika 3,11186-19,SYMPHONY HILLS SDN. BHD.,,,105,,,,,
uem,UEM,,4,Intrika 4,11186-20,SYMPHONY HILLS SDN. BHD.,,,119,,,,,
uem,UEM,,5,Estuari family [Gardens/Greens/ParkHomes],14032-10,BANDAR NUSAJAYA DEVELOPMENT SDN. BHD.,,,56,,,,,
uem,UEM,,6,Estuari family [Gardens/Greens/ParkHomes],14032-11,BANDAR NUSAJAYA DEVELOPMENT SDN. BHD.,,,167,,,,,
uem,UEM,,7,Nadi Nusantara 2,14032-7,BANDAR NUSAJAYA DEVELOPMENT SDN. BHD.,,,130,,,,,
uem,UEM,,8,Estuari family [Gardens/Greens/ParkHomes],14032-8,BANDAR NUSAJAYA DEVELOPMENT SDN. BHD.,,,46,,,,,
uem,UEM,,9,Estuari family [Gardens/Greens/ParkHomes],14032-9,BANDAR NUSAJAYA DEVELOPMENT SDN. BHD.,,,144,,,,,
uem,UEM,,10,Aspira Lakehomes,14228-12,NUSAJAYA RISE SDN. BHD.,,,125,,,,,
uem,UEM,,11,Aspira Hills,14228-13,NUSAJAYA RISE SDN. BHD.,,2025-06-24,132,,,,,
uem,UEM,,12,Aspira Hills,14228-14,NUSAJAYA RISE SDN. BHD.,,2025-06-24,192,,,,,
uem,UEM,,13,Aspira Hills,14228-15,NUSAJAYA RISE SDN. BHD.,,,77,,,,,
uem,UEM,,14,Aspira Hills,14228-16,NUSAJAYA RISE SDN. BHD.,,,47,,,,,
uem,UEM,,15,Aspira Lakehomes,14228-7,NUSAJAYA RISE SDN. BHD.,,2024-05-13,63,,,,,
uem,UEM,,16,Aspira Lakehomes,14228-8,NUSAJAYA RISE SDN. BHD.,,2024-05-20,65,,,,,
uem,UEM,,17,The Minh,30141-1,LASER TOWER SDN. BHD.,,2022-10-13,496,,,,,
uem,UEM,,18,MAIA,30141-2,LASER TOWER SDN. BHD.,,,495,,,,,
uem,UEM,,19,Residensi ZIG,7466-5,MEGA LEGACY (M) SDN. BHD.,,2023-06-20,1126,,,,,
uem,UEM,,20,Oskar Residence,8024-13,SUNRISE MCL LAND SDN. BHD.,,2024-01-31,283,,,,,
uem,UEM,,21,Arden Hill Precinct 2,8024-14,SUNRISE MCL LAND SDN. BHD.,,2024-06-24,218,,,,,
uem,UEM,,22,KAIA Heights @ Equine Park,"20047-1,20047-2",SUNRISE ALLIANCE SDN. BHD.,,2021-02-18,924,,,,,
uem,UEM,,23,Almãs Suites @ Iskandar Puteri,10555-12,UEM LAND BERHAD,,,546,,,,,
uem,UEM,,24,Radia Residences,13373-1,SIME DARBY PROPERTY SUNRISE DEVELOPMENT SDN. BHD. (JV),,2014-02-14,640,,,,,
uem,UEM,,25,Intrika 1,11186-16,SYMPHONY HILLS SDN. BHD.,,2023-08-25,124,,,,,
uem,UEM,,26,Intrika 2,11186-17,SYMPHONY HILLS SDN. BHD.,,2024-08-08,114,,,,,
ecoworld,Ecoworld,,1,Eco Botanic - The Chateau II Ph.5,14020-10,ECO BOTANIC SDN. BHD.,,,7,,,,,
ecoworld,Ecoworld,,2,Eco Botanic - Presint 2,14020-11,ECO BOTANIC SDN. BHD.,,,24,,,,,
ecoworld,Ecoworld,,3,Eco Botanic - Presint 2,14020-12,ECO BOTANIC SDN. BHD.,,,24,,,,,
ecoworld,Ecoworld,,4,Eco Botanic - Presint 2,14020-13,ECO BOTANIC SDN. BHD.,,,16,,,,,
ecoworld,Ecoworld,,5,Eco Botanic - The Chateau II Ph.6,14020-14,ECO BOTANIC SDN. BHD.,,,8,,,,,
ecoworld,Ecoworld,,6,Eco Botanic - Sa.Young D'Eco Botanic,14020-5,ECO BOTANIC SDN. BHD.,,,383,,,,,
ecoworld,Ecoworld,,7,Eco Botanic - The Windsor,14020-6,ECO BOTANIC SDN. BHD.,,,76,,,,,
ecoworld,Ecoworld,,8,Eco Botanic - Presint 2,14020-7,ECO BOTANIC SDN. BHD.,,,24,,,,,
ecoworld,Ecoworld,,9,Eco Botanic - Presint 2,14020-8,ECO BOTANIC SDN. BHD.,,,24,,,,,
ecoworld,Ecoworld,,10,Eco Botanic - Presint 2,14020-9,ECO BOTANIC SDN. BHD.,,,16,,,,,
ecoworld,Ecoworld,,11,Eco Sanctuary - Se.Ruma,14050-10,ECO SANCTUARY SDN. BHD.,,2025-01-16,483,,,,,
ecoworld,Ecoworld,,12,Eco Spring - Ekoflora 4,14320-14,ECO SUMMER SDN. BHD.,,2023-04-19,124,,,,,
ecoworld,Ecoworld,,13,Eco Spring - Flora/Santai series,14320-17,ECO SUMMER SDN. BHD.,,2024-02-09,460,,,,,
ecoworld,Ecoworld,,14,Eco Spring - Santai,14320-18,ECO SUMMER SDN. BHD.,,,460,,,,,
ecoworld,Ecoworld,,15,Eco Spring - Ekoflora 4,14320-19,ECO SUMMER SDN. BHD.,,,132,,,,,
ecoworld,Ecoworld,,16,Eco Spring - Ekoflora 4,14320-20,ECO SUMMER SDN. BHD.,,2025-01-27,32,,,,,
ecoworld,Ecoworld,,17,Eco Spring - Ekoflora 2,14320-21,ECO SUMMER SDN. BHD.,,2025-03-20,28,,,,,
ecoworld,Ecoworld,,18,Eco Spring - Ekoflora 2,14320-22,ECO SUMMER SDN. BHD.,,2025-03-26,24,,,,,
ecoworld,Ecoworld,,19,Eco Spring - Santai 3,14320-23,ECO SUMMER SDN. BHD.,,2025-10-22,627,,,,,
ecoworld,Ecoworld,,20,Eco Spring - Ekoflora 2,14320-24,ECO SUMMER SDN. BHD.,,2026-08-01,30,,,,,
ecoworld,Ecoworld,,21,Eco Spring - Ekoflora 2,14320-25,ECO SUMMER SDN. BHD.,,,42,,,,,
ecoworld,Ecoworld,,22,Eco Ardence - Hana,14504-7,ECO ARDENCE SDN. BHD.,,2022-11-12,500,,,,,
ecoworld,Ecoworld,,23,Eco Ardence - Maya,14504-8,ECO ARDENCE SDN. BHD.,,2025-05-29,995,,,,,
ecoworld,Ecoworld,,24,Eco Grandeur - Wellington Garden,14505-7,PARAGON PINNACLE SDN. BHD.,,2022-10-05,605,,,,,
ecoworld,Ecoworld,,25,Eco Majestic - Riang D'Eco Majestic,19150-15,ECO MAJESTIC DEVELOPMENT SDN. BHD.,,2024-05-21,999,,,,,
ecoworld,Ecoworld,,26,Eco Majestic - Noblegate,19150-16,ECO MAJESTIC DEVELOPMENT SDN. BHD.,,2024-11-21,266,,,,,
ecoworld,Ecoworld,,27,Eco Forest - BirchPark North Garden (Artisan+Alfresco+Co-Home),19150-17,ECO MAJESTIC DEVELOPMENT SDN. BHD.,,2025-02-28,184,,,,,
ecoworld,Ecoworld,,28,Eco Forest - BirchPark North Garden (Garden Homes),19150-18,ECO MAJESTIC DEVELOPMENT SDN. BHD.,,2025-03-11,128,,,,,
ecoworld,Ecoworld,,29,Eco Horizon - Dawson,19152-12,ECO HORIZON SDN. BHD.,,2024-10-25,262,,,,,
ecoworld,Ecoworld,,30,Eco Sun - Everine Ph.2,19152-13,ECO HORIZON SDN. BHD.,,,264,,,,,
ecoworld,Ecoworld,,31,Eco Sun - Everine Ph.3,19152-14,ECO HORIZON SDN. BHD.,,,264,,,,,
ecoworld,Ecoworld,,32,Eco Sun - Duduk Irama,19152-15,ECO HORIZON SDN. BHD.,,2026-05-03,500,,,,,
ecoworld,Ecoworld,,33,Eco Horizon - Beldon Ph.10,19152-9,ECO HORIZON SDN. BHD.,,2023-03-22,112,,,,,
ecoworld,Ecoworld,,34,Eco Botanic - Sa.Young 3 D'Eco Botanic,19985-10,MELIA SPRING SDN. BHD.,,2025-10-01,1200,,,,,
ecoworld,Ecoworld,,35,Eco Botanic - The Commune P1-P5,19985-6,MELIA SPRING SDN. BHD.,,2022-10-17,364,,,,,
ecoworld,Ecoworld,,36,Eco Botanic - Residensi Botani 3,19985-7,MELIA SPRING SDN. BHD.,,2023-12-11,112,,,,,
ecoworld,Ecoworld,,37,Eco Botanic - Residensi Botani 3,19985-8,MELIA SPRING SDN. BHD.,,2024-01-01,128,,,,,
ecoworld,Ecoworld,,38,Eco Botanic - Sa.Young 2 D'Eco Botanic,19985-9,MELIA SPRING SDN. BHD.,,,509,,,,,
ecoworld,Ecoworld,,39,Eco Tropics - Ekotropika 4,6443-20,ECO TROPICS DEVELOPMENT SDN. BHD.,,2023-01-19,164,,,,,
ecoworld,Ecoworld,,40,Eco Tropics - Ekotropika 4,6443-21,ECO TROPICS DEVELOPMENT SDN. BHD.,,2023-03-28,50,,,,,
ecoworld,Ecoworld,,41,Eco Tropics - Ekotropika 4,6443-22,ECO TROPICS DEVELOPMENT SDN. BHD.,,2023-04-20,48,,,,,
ecoworld,Ecoworld,,42,Eco Tropics - Ekotropika 4,6443-24,ECO TROPICS DEVELOPMENT SDN. BHD.,,,48,,,,,
ecoworld,Ecoworld,,43,Eco Tropics - Ekotropika 4,6443-25,ECO TROPICS DEVELOPMENT SDN. BHD.,,,80,,,,,
ecoworld,Ecoworld,,44,Eco Tropics - Ekotropika 4,6443-26,ECO TROPICS DEVELOPMENT SDN. BHD.,,,100,,,,,
ecoworld,Ecoworld,,45,Eco Tropics - Laman Indah 3,6443-27,ECO TROPICS DEVELOPMENT SDN. BHD.,,,280,,,,,
ecoworld,Ecoworld,,46,Eco Tropics - Laman Indah 3,6443-28,ECO TROPICS DEVELOPMENT SDN. BHD.,,,282,,,,,
ecoworld,Ecoworld,,47,Eco Tropics - Ekotropika 10,6443-29,ECO TROPICS DEVELOPMENT SDN. BHD.,,2025-04-10,425,,,,,
ecoworld,Ecoworld,,48,Eco Tropics - Ekotropika 10,6443-30,ECO TROPICS DEVELOPMENT SDN. BHD.,,,118,,,,,
ecoworld,Ecoworld,,49,Eco Tropics - Ekotropika 10,6443-31,ECO TROPICS DEVELOPMENT SDN. BHD.,,,83,,,,,
ecoworld,Ecoworld,,50,Eco Tropics - Ekotropika 10,6443-32,ECO TROPICS DEVELOPMENT SDN. BHD.,,,76,,,,,
ecoworld,Ecoworld,,51,Eco Tropics - Ekotropika 9,6443-33,ECO TROPICS DEVELOPMENT SDN. BHD.,,,216,,,,,
ecoworld,Ecoworld,,52,Eco Tropics - Ekotropika 9,6443-34,ECO TROPICS DEVELOPMENT SDN. BHD.,,,177,,,,,
ecoworld,Ecoworld,,53,Eco Sanctuary - Eden by The Parque Residences,14050-8,ECO SANCTUARY SDN. BHD.,,2022-06-09,401,,,,,
ecoworld,Ecoworld,,54,Eco Ardence - Huni,14504-5,ECO ARDENCE SDN. BHD.,,2020-09-19,1728,,,,,
ecoworld,Ecoworld,,55,Eco Ardence - Ember,14504-6,ECO ARDENCE SDN. BHD.,,2022-04-26,376,,,,,
ecoworld,Ecoworld,,56,Eco Horizon - Beldon Ph.11,19152-10,,,2023-03-22,70,,,,,
ecoworld,Ecoworld,,57,Pangsapuri Perkhidmatan Ceria (Eco Horizon),19152-11,,,2023-08-30,1302,,,,,
ecoworld,Ecoworld,,58,Ekotropika 4,6443-23,,,,50,,,,,
ecoworld,Ecoworld,,59,Se.Duduk (Eco Terraces),30561-1,ECO TERRACES SDN. BHD.,,2024-10-25,1220,,,,,
ecoworld,Ecoworld,,60,Eco Bloom @ Eco Meadows,14518-1,ECO MEADOWS SDN. BHD.,,2016-10-08,490,,,,,
ecoworld,Ecoworld,,61,Bukit Bintang City Centre (Lucentia),14510-1,BBCC DEVELOPMENT SDN. BHD.,,2016-09-29,668,,,,,
ecoworld,Ecoworld,,62,Ekotropika 3,6443-17,,,2019-05-31,300,,,,,
ecoworld,Ecoworld,,63,Ekotropika 3,6443-18,,,,112,,,,,
ecoworld,Ecoworld,,64,Ekotropika 3,6443-19,,,,204,,,,,
ecoworld,Ecoworld,,65,Eco Ardence,14504-2,ECO ARDENCE SDN. BHD.,,2017-09-22,259,,,,,
ecoworld,Ecoworld,,66,Nara @ Eco Ardence,14504-3,ECO ARDENCE SDN. BHD.,,2018-10-26,308,,,,,
ecoworld,Ecoworld,,67,Cora @ Eco Ardence,14504-4,ECO ARDENCE SDN. BHD.,,2019-08-15,250,,,,,
ecoworld,Ecoworld,,68,Eco Horizon,19152-1,,,2017-09-22,280,,,,,
ecoworld,Ecoworld,,69,Eco Horizon,19152-2,,,2017-09-22,424,,,,,
ecoworld,Ecoworld,,70,Eco Horizon,19152-3,,,,241,,,,,
ecoworld,Ecoworld,,71,Eco Horizon,19152-4,,,2021-02-06,224,,,,,
ecoworld,Ecoworld,,72,Eco Horizon,19152-5,,,2021-10-23,181,,,,,
ecoworld,Ecoworld,,73,Eco Horizon 2,19152-6,,,2022-01-13,180,,,,,
ecoworld,Ecoworld,,74,Eco Horizon 2,19152-7,,,2022-06-07,235,,,,,
ecoworld,Ecoworld,,75,Eco Horizon,19152-8,,,2022-11-02,114,,,,,
ecoworld,Ecoworld,,76,Hi.Jau West Precinct 1 (Eco Botanic),31135-1,ECO BOTANIC 3 SDN. BHD.,,,721,,,,,
ecoworld,Ecoworld,,77,Hi.Jau West Precinct 2 (Eco Botanic),"31135-2,31135-3,31135-4,31135-5,31135-6,31135-7",ECO BOTANIC 3 SDN. BHD.,,2025-12-24,766,,,,,
scientex,Scientex,,1,Orchid II,11295-22,SCIENTEX (SKUDAI) SDN. BHD.,,2024-05-20,204,,,,,
scientex,Scientex,,2,Lavender IV,11295-23,SCIENTEX (SKUDAI) SDN. BHD.,,2024-06-14,291,,,,,
scientex,Scientex,,3,Lavender V,11295-25,SCIENTEX (SKUDAI) SDN. BHD.,,,364,,,,,
scientex,Scientex,,4,Cassia 3,11295-26,SCIENTEX (SKUDAI) SDN. BHD.,,2025-03-06,227,,,,,
scientex,Scientex,,5,Cassia 2,11295-27,SCIENTEX (SKUDAI) SDN. BHD.,,2025-08-14,149,,,,,
scientex,Scientex,,6,Iris,11295-28,SCIENTEX (SKUDAI) SDN. BHD.,,,267,,,,,
scientex,Scientex,,7,Maple,11295-29,SCIENTEX (SKUDAI) SDN. BHD.,,,336,,,,,
scientex,Scientex,,8,Camellia,11295-30,SCIENTEX (SKUDAI) SDN. BHD.,,,369,,,,,
scientex,Scientex,,9,RMMJ(B) A7A,19794-18,AMBER LAND  BERHAD,,2023-11-07,485,,,,,
scientex,Scientex,,10,RMMJ(C) A13,19794-19,AMBER LAND  BERHAD,,2025-02-05,353,,,,,
scientex,Scientex,,11,? superseded old phase,30714-3,SCIENTEX JENJAROM SDN. BHD.,,,303,,,,,
scientex,Scientex,,12,? superseded old phase,30714-4,SCIENTEX JENJAROM SDN. BHD.,,,263,,,,,
scientex,Scientex,,13,L'Ena,30714-5,SCIENTEX JENJAROM SDN. BHD.,,2025-07-18,168,,,,,
scientex,Scientex,,14,Jasmine,30714-6,SCIENTEX JENJAROM SDN. BHD.,,2025-08-13,322,,,,,
scientex,Scientex,,15,Dandelion 2 (JK2),30884-1,SCIENTEX LESTARI SDN. BHD.,,2025-01-02,263,,,,,
scientex,Scientex,,16,Dandelion (JK1),30884-2,SCIENTEX LESTARI SDN. BHD.,,2025-02-05,182,,,,,
scientex,Scientex,,17,Tulip (JK3),30884-3,SCIENTEX LESTARI SDN. BHD.,,2025-04-07,244,,,,,
scientex,Scientex,,18,RMMJ(C) JK11,30884-4,SCIENTEX LESTARI SDN. BHD.,,2025-06-11,382,,,,,
scientex,Scientex,,19,Tulip 2 (JK4),30884-5,SCIENTEX LESTARI SDN. BHD.,,2025-07-31,169,,,,,
scientex,Scientex,,20,Dandelion 3 (JK5),30884-6,SCIENTEX LESTARI SDN. BHD.,,2025-10-15,204,,,,,
scientex,Scientex,,21,Sakura (JK8),30884-7,SCIENTEX LESTARI SDN. BHD.,,,184,,,,,
scientex,Scientex,,22,Tulip 3 (JK6),30884-8,SCIENTEX LESTARI SDN. BHD.,,,183,,,,,
scientex,Scientex,,23,Mori Residences 2,6331-22,SCIENTEX PARK (M) SDN. BHD.,,2023-07-04,489,,,,,
scientex,Scientex,,24,Mori Residences 3,6331-25,SCIENTEX PARK (M) SDN. BHD.,,2025-02-05,498,,,,,
scientex,Scientex,,25,Sentrio Residences by Hillside (N6),6331-26,SCIENTEX PARK (M) SDN. BHD.,,2025-08-22,584,,,,,
scientex,Scientex,,26,Kenanga II,6331-27,SCIENTEX PARK (M) SDN. BHD.,,,288,,,,,
scientex,Scientex,,27,Kenanga,6331-28,SCIENTEX PARK (M) SDN. BHD.,,,332,,,,,
scientex,Scientex,,28,Daisy,6331-29,SCIENTEX PARK (M) SDN. BHD.,,,300,,,,,
scientex,Scientex,,29,? no current Bestari Jaya phase matches 220u,6331-30,SCIENTEX PARK (M) SDN. BHD.,,,220,,,,,
scientex,Scientex,,30,? original Rawang phase pre-Mori,6331-8,SCIENTEX PARK (M) SDN. BHD.,,2019-01-04,209,,,,,
scientex,Scientex,,31,? unmatched Presint 2 phase,6575-48,SCIENTEX HEIGHTS SDN. BHD.,,2025-01-13,234,,,,,
scientex,Scientex,,32,? unmatched Presint 2 phase,6575-49,SCIENTEX HEIGHTS SDN. BHD.,,,333,,,,,
scientex,Scientex,,33,Taman Scientex Jasin Mutiara,6575-50,SCIENTEX HEIGHTS SDN. BHD.,,,206,,,,,
scientex,Scientex,,34,Mimosa (BJ2),6575-51,SCIENTEX HEIGHTS SDN. BHD.,,,232,,,,,
scientex,Scientex,,35,? unmatched Presint 2 phase,6575-52,SCIENTEX HEIGHTS SDN. BHD.,,,343,,,,,
scientex,Scientex,,36,Aster (SM1A),6575-53,SCIENTEX HEIGHTS SDN. BHD.,,,1,,,,,
scientex,Scientex,,37,Aster (SM1B),6575-54,SCIENTEX HEIGHTS SDN. BHD.,,,1,,,,,
scientex,Scientex,,38,Camellia (MC1a),6575-55,SCIENTEX HEIGHTS SDN. BHD.,,,279,,,,,
scientex,Scientex,,39,Harmoni (MC2a),6575-56,SCIENTEX HEIGHTS SDN. BHD.,,,288,,,,,
scientex,Scientex,,40,Aster (SM1C),6575-58,SCIENTEX HEIGHTS SDN. BHD.,,2026-07-21,256,,,,,
scientex,Scientex,,41,Aster (SM1D)? site shows 181u for SM1D,6575-59,SCIENTEX HEIGHTS SDN. BHD.,,,216,,,,,
scientex,Scientex,,42,RMMJ(B) SP10,9294-57,SCIENTEX QUATARI SDN. BHD.,,2020-02-20,210,,,,,
scientex,Scientex,,43,Sentrio Residences (SN12A),9294-67,SCIENTEX QUATARI SDN. BHD.,,,516,,,,,
scientex,Scientex,,44,Aspen/Rumah Perakku III (Phase 4),9294-68,SCIENTEX QUATARI SDN. BHD.,,2024-09-23,210,,,,,
scientex,Scientex,,45,The Sakura (SP33A),9294-69,SCIENTEX QUATARI SDN. BHD.,,,215,,,,,
scientex,Scientex,,46,Sentrio Residences (SN12B),9294-70,SCIENTEX QUATARI SDN. BHD.,,,522,,,,,
scientex,Scientex,,47,Crocus (Phase 3),9294-71,SCIENTEX QUATARI SDN. BHD.,,2025-01-16,115,,,,,
scientex,Scientex,,48,Tulip or Jasmine II (both 252u),9294-72,SCIENTEX QUATARI SDN. BHD.,,2025-01-31,252,,,,,
scientex,Scientex,,49,The Sakura 2 (SP33B),9294-74,SCIENTEX QUATARI SDN. BHD.,,,207,,,,,
scientex,Scientex,,50,Acacia,9294-75,SCIENTEX QUATARI SDN. BHD.,,2025-03-04,238,,,,,
scientex,Scientex,,51,Edelweiss/Rumah Perakku II (Phase 5),9294-76,SCIENTEX QUATARI SDN. BHD.,,,134,,,,,
scientex,Scientex,,52,RMMJ(C) SP36A,9294-77,SCIENTEX QUATARI SDN. BHD.,,,124,,,,,
scientex,Scientex,,53,Aurora (SP35),9294-78,SCIENTEX QUATARI SDN. BHD.,,,200,,,,,
scientex,Scientex,,54,RMMJ(C) SP36B,9294-79,SCIENTEX QUATARI SDN. BHD.,,,142,,,,,
scientex,Scientex,,55,Jasmine,9294-80,SCIENTEX QUATARI SDN. BHD.,,2025-07-18,271,,,,,
scientex,Scientex,,56,Tulip II,9294-81,SCIENTEX QUATARI SDN. BHD.,,2025-10-07,234,,,,,
scientex,Scientex,,57,Flaxlily,9294-82,SCIENTEX QUATARI SDN. BHD.,,,64,,,,,
scientex,Scientex,,58,Aspen/Rumah Perakku III (Phase 4),9294-83,SCIENTEX QUATARI SDN. BHD.,,2026-01-05,210,,,,,
scientex,Scientex,,59,Daisy (SP41B),9294-84,SCIENTEX QUATARI SDN. BHD.,,,246,,,,,
scientex,Scientex,,60,Tulip or Jasmine II (both 252u),9294-85,SCIENTEX QUATARI SDN. BHD.,,2026-02-04,252,,,,,
scientex,Scientex,,61,Iris (SP42B),9294-86,SCIENTEX QUATARI SDN. BHD.,,,240,,,,,
scientex,Scientex,,62,? unmatched JB phase,9294-87,SCIENTEX QUATARI SDN. BHD.,,,283,,,,,
scientex,Scientex,,63,Sentrio Residences 2 (SN13A),9294-88,SCIENTEX QUATARI SDN. BHD.,,,690,,,,,
scientex,Scientex,,64,Daisy,9294-89,SCIENTEX QUATARI SDN. BHD.,,,158,,,,,
scientex,Scientex,,65,Rumah Mampu Milik MJ4,6575-43,SCIENTEX HEIGHTS SDN. BHD.,,,211,,,,,
scientex,Scientex,,66,Erica 2 (MJ1a),6575-31,SCIENTEX HEIGHTS SDN. BHD.,,2022-09-15,291,,,,,
scientex,Scientex,,67,Rumah Mampu Milik MJ3,6575-39,SCIENTEX HEIGHTS SDN. BHD.,,2023-07-07,204,,,,,
scientex,Scientex,,68,Camellia (BJ12),6575-42,SCIENTEX HEIGHTS SDN. BHD.,,2024-02-23,188,,,,,
scientex,Scientex,,69,Dahlia (BJ8),6575-44,SCIENTEX HEIGHTS SDN. BHD.,,2024-05-12,289,,,,,
scientex,Scientex,,70,Acacia (BJ7),6575-40,SCIENTEX HEIGHTS SDN. BHD.,,2023-10-10,336,,,,,
scientex,Scientex,,71,The Pines (SP31),9294-62,,,,342,,,,,
scientex,Scientex,,72,The Oaks (SP32A),9294-65,,,,272,,,,,
scientex,Scientex,,73,The Oaks 2 (SP32B),9294-66,,,,235,,,,,
scientex,Scientex,,74,Clover (A8A),19794-15,AMBER LAND BERHAD,,2022-11-02,254,,,,,
scientex,Scientex,,75,Clover (A8B),19794-16,AMBER LAND BERHAD,,2023-05-18,256,,,,,
scientex,Scientex,,76,Rumah Belia Melaka (MD24),6575-38,SCIENTEX HEIGHTS SDN. BHD.,,,215,,,,,
scientex,Scientex,,77,Clover 3,19794-14,AMBER LAND BERHAD,,2022-10-31,309,,,,,
scientex,Scientex,,78,Scientex Durian Tunggal 2 (5 licences),"6575-18,6575-19,6575-20,6575-21,6575-22",SCIENTEX HEIGHTS SDN. BHD.,,2020-07-04,1187,,,,,
scientex,Scientex,,79,Rumah Bandar Taman Scientex Kulai 2,9294-51,SCIENTEX QUATARI SDN. BHD.,,2019-06-28,150,,,,,
scientex,Scientex,,80,Pangsapuri Pulai Mutiara 2,9294-52,SCIENTEX QUATARI SDN. BHD.,,2019-07-19,420,,,,,
scientex,Scientex,,81,Taman Chepor Idaman,9294-53,SCIENTEX QUATARI SDN. BHD.,,2019-07-19,288,,,,,
scientex,Scientex,,82,Scientex Quatari (unnamed phase),9294-54,SCIENTEX QUATARI SDN. BHD.,,,84,,,,,
scientex,Scientex,,83,Pangsapuri Pulai Mutiara 3,9294-56,SCIENTEX QUATARI SDN. BHD.,,2019-10-05,614,,,,,
scientex,Scientex,,84,Pangsapuri 1 Scientex Utama,9294-59,SCIENTEX QUATARI SDN. BHD.,,2020-11-08,300,,,,,
scientex,Scientex,,85,Scientex Meru 3,9294-60,SCIENTEX QUATARI SDN. BHD.,,2021-04-21,304,,,,,
scientex,Scientex,,86,Scientex Meru 3,9294-61,SCIENTEX QUATARI SDN. BHD.,,2023-04-14,70,,,,,
scientex,Scientex,,87,Scientex Ipoh,9294-63,SCIENTEX QUATARI SDN. BHD.,,,238,,,,,
scientex,Scientex,,88,Taman Klebang Lestari,9294-64,SCIENTEX QUATARI SDN. BHD.,,2024-04-05,122,,,,,
scientex,Scientex,,89,Taman Pulai Duta,9294-73,SCIENTEX QUATARI SDN. BHD.,,,207,,,,,
scientex,Scientex,,90,Lavender (SP7),"9294-45,9294-55,9294-58",SCIENTEX QUATARI SDN. BHD.,,2018-10-25,492,,,,,
scientex,Scientex,,91,Mimosa 2 (MJ2),"6575-34,6575-36",SCIENTEX HEIGHTS SDN. BHD.,,2022-12-06,455,,,,,
scientex,Scientex,,92,Rumah Mampu Milik BJ3,"6575-33,6575-37,6575-41",SCIENTEX HEIGHTS SDN. BHD.,,2022-11-21,503,,,,,
scientex,Scientex,,93,Pearl (MD23),"6575-20,6575-22,6575-32",SCIENTEX HEIGHTS SDN. BHD.,,2020-12-31,641,,,,,
simedarby,Sime Darby,,1,Teja,10991-4,SIME DARBY PROPERTY (SUBANG) SDN. BHD.,,2023-04-05,271,,,,,
simedarby,Sime Darby,,2,East One (tentative),10991-5,SIME DARBY PROPERTY (SUBANG) SDN. BHD.,,2025-04-23,926,,,,,
simedarby,Sime Darby,,3,Suasana Ainsdale 2,12408-16,SIME DARBY PROPERTY (AINSDALE) SDN. BHD.,,2024-05-03,43,,,,,
simedarby,Sime Darby,,4,Suasana Ainsdale 2,12408-17,SIME DARBY PROPERTY (AINSDALE) SDN. BHD.,,2024-05-03,59,,,,,
simedarby,Sime Darby,,5,Suasana Ainsdale 2,12408-18,SIME DARBY PROPERTY (AINSDALE) SDN. BHD.,,2024-05-03,49,,,,,
simedarby,Sime Darby,,6,Suasana Ainsdale 2,12408-19,SIME DARBY PROPERTY (AINSDALE) SDN. BHD.,,2024-05-03,49,,,,,
simedarby,Sime Darby,,7,Arina,12408-20,SIME DARBY PROPERTY (AINSDALE) SDN. BHD.,,2024-12-05,118,,,,,
simedarby,Sime Darby,,8,Arina Phase 2,12408-21,SIME DARBY PROPERTY (AINSDALE) SDN. BHD.,,,103,,,,,
simedarby,Sime Darby,,9,Arina 2,12408-22,SIME DARBY PROPERTY (AINSDALE) SDN. BHD.,,2025-10-30,123,,,,,
simedarby,Sime Darby,,10,Arina 2 Phase 3,12408-23,SIME DARBY PROPERTY (AINSDALE) SDN. BHD.,,,114,,,,,
simedarby,Sime Darby,,11,Arina 2 Phase 2,12408-24,SIME DARBY PROPERTY (AINSDALE) SDN. BHD.,,,133,,,,,
simedarby,Sime Darby,,12,Elmina Ridge 1,13017-43,SIME DARBY PROPERTY (CITY OF ELMINA) SDN. BHD.,,2024-01-22,102,,,,,
simedarby,Sime Darby,,13,Elmina Hijauan 9,13017-44,SIME DARBY PROPERTY (CITY OF ELMINA) SDN. BHD.,,2024-02-15,93,,,,,
simedarby,Sime Darby,,14,Elmina Ridge 1 Phase B,13017-45,SIME DARBY PROPERTY (CITY OF ELMINA) SDN. BHD.,,2024-02-15,126,,,,,
simedarby,Sime Darby,,15,Elmina Hijauan 9,13017-46,SIME DARBY PROPERTY (CITY OF ELMINA) SDN. BHD.,,2024-03-06,99,,,,,
simedarby,Sime Darby,,16,Kanopi Residences,13017-47,SIME DARBY PROPERTY (CITY OF ELMINA) SDN. BHD.,,2024-06-27,499,,,,,
simedarby,Sime Darby,,17,Elmina Ridge 2,13017-48,SIME DARBY PROPERTY (CITY OF ELMINA) SDN. BHD.,,2025-03-07,145,,,,,
simedarby,Sime Darby,,18,Elmina Ridge 2 Phase ER2B,13017-49,SIME DARBY PROPERTY (CITY OF ELMINA) SDN. BHD.,,2025-04-10,76,,,,,
simedarby,Sime Darby,,19,Elmina Hijauan 8-2,13017-50,SIME DARBY PROPERTY (CITY OF ELMINA) SDN. BHD.,,2025-09-18,136,,,,,
simedarby,Sime Darby,,20,Elmina Hijauan 8-2,13017-51,SIME DARBY PROPERTY (CITY OF ELMINA) SDN. BHD.,,2025-10-09,70,,,,,
simedarby,Sime Darby,,21,Harmoni Permai 2,14358-4,SIME DARBY PROPERTY (PAGOH) SDN. BHD.,,2024-05-15,56,,,,,
simedarby,Sime Darby,,22,Jendela Residences,20060-1,SIME DARBY PROPERTY (KLGCC RESORT) SDN. BHD.,,2021-03-03,520,,,,,
simedarby,Sime Darby,,23,Tiara Residences,20171-2,SIME DARBY PROPERTY (BUKIT JELUTONG)  SDN. BHD.,,2026-04-22,59,,,,,
simedarby,Sime Darby,,24,The Ophera,30500-1,SIME DARBY PROPERTY (GOLFHOME) SDN. BHD.,,2023-10-19,150,,,,,
simedarby,Sime Darby,,25,Hype Residences (tentative),3780-6,SIME DARBY PROPERTY (SJ7) SDN. BHD.,,2023-10-19,961,,,,,
simedarby,Sime Darby,,26,Hype Residences (tentative),3780-7,SIME DARBY PROPERTY (SJ7) SDN. BHD.,,,998,,,,,
simedarby,Sime Darby,,27,The Glades,3927-154,SIME DARBY PROPERTY (BUKIT RAJA) SDN. BHD.,,2022-09-13,122,,,,,
simedarby,Sime Darby,,28,Serasi Residences,3927-155,SIME DARBY PROPERTY (BUKIT RAJA) SDN. BHD.,,2022-12-22,1428,,,,,
simedarby,Sime Darby,,29,Damayan Residences,3927-160,SIME DARBY PROPERTY (BUKIT RAJA) SDN. BHD.,,2024-02-28,308,,,,,
simedarby,Sime Darby,,30,Adira,3927-161,SIME DARBY PROPERTY (BUKIT RAJA) SDN. BHD.,,2024-05-15,138,,,,,
simedarby,Sime Darby,,31,Adira,3927-162,SIME DARBY PROPERTY (BUKIT RAJA) SDN. BHD.,,2024-05-15,82,,,,,
simedarby,Sime Darby,,32,Adira,3927-163,SIME DARBY PROPERTY (BUKIT RAJA) SDN. BHD.,,2024-05-15,109,,,,,
simedarby,Sime Darby,,33,Lanai Lakeside,3927-164,SIME DARBY PROPERTY (BUKIT RAJA) SDN. BHD.,,2024-11-28,72,,,,,
simedarby,Sime Darby,,34,The Straits,3927-165,SIME DARBY PROPERTY (BUKIT RAJA) SDN. BHD.,,2025-10-16,146,,,,,
simedarby,Sime Darby,,35,The Glades,3927-166,SIME DARBY PROPERTY (BUKIT RAJA) SDN. BHD.,,,25,,,,,
simedarby,Sime Darby,,36,The Straits,3927-167,SIME DARBY PROPERTY (BUKIT RAJA) SDN. BHD.,,2025-10-22,142,,,,,
simedarby,Sime Darby,,37,Park One,597-13,SIME DARBY PROPERTY (KL EAST) SDN. BHD.,,2022-10-07,234,,,,,
simedarby,Sime Darby,,38,? (possibly The Reya),597-14,SIME DARBY PROPERTY (KL EAST) SDN. BHD.,,2024-09-25,480,,,,,
simedarby,Sime Darby,,39,? (possibly East 61),597-15,SIME DARBY PROPERTY (KL EAST) SDN. BHD.,,2026-05-08,61,,,,,
simedarby,Sime Darby,,40,Emilia Lakeside 1,6755-11,SIME DARBY PROPERTY (NILAI) SDN. BHD.,,2024-10-21,100,,,,,
simedarby,Sime Darby,,41,Emilia Lakeside 3,6755-12,SIME DARBY PROPERTY (NILAI) SDN. BHD.,,2025-02-06,45,,,,,
simedarby,Sime Darby,,42,Emilia Lakeside 2,6755-13,SIME DARBY PROPERTY (NILAI) SDN. BHD.,,2025-03-27,65,,,,,
simedarby,Sime Darby,,43,Serenia Amalia 5,6785-27,SIME DARBY PROPERTY (SERENIA CITY) SDN. BHD.,,2023-09-22,68,,,,,
simedarby,Sime Darby,,44,Serenia Amalia 7,6785-28,SIME DARBY PROPERTY (SERENIA CITY) SDN. BHD.,,2024-10-30,40,,,,,
simedarby,Sime Darby,,45,Serenia Amalia 6,6785-29,SIME DARBY PROPERTY (SERENIA CITY) SDN. BHD.,,2025-05-13,84,,,,,
simedarby,Sime Darby,,46,Serenia Baleria 1,6785-30,SIME DARBY PROPERTY (SERENIA CITY) SDN. BHD.,,2025-05-21,211,,,,,
simedarby,Sime Darby,,47,Serenia Baleria 2,6785-31,SIME DARBY PROPERTY (SERENIA CITY) SDN. BHD.,,2025-06-12,174,,,,,
simedarby,Sime Darby,,48,Triara Residences,7277-27,SIME DARBY PROPERTY (ARA DAMANSARA)  SDN. BHD.,,2023-07-07,450,,,,,
simedarby,Sime Darby,,49,Andara,7277-28,SIME DARBY PROPERTY (ARA DAMANSARA)  SDN. BHD.,,2025-03-06,20,,,,,
simedarby,Sime Darby,,50,? (unconfirmed),7277-30,SIME DARBY PROPERTY (ARA DAMANSARA)  SDN. BHD.,,2026-04-14,998,,,,,
simedarby,Sime Darby,,51,Nadira 3,3927-156,SIME DARBY PROPERTY (BUKIT RAJA) SDN. BHD.,,,139,,,,,
simedarby,Sime Darby,,52,Casira 3,"3927-157,3927-158,3927-159",SIME DARBY PROPERTY (BUKIT RAJA) SDN. BHD.,,2023-04-13,346,,,,,
simedarby,Sime Darby,,53,Seroja Gardens,,,,,,,,,,Not launched yet.
simedarby,Sime Darby,,54,Emilia,"6755-7,6755-9",SIME DARBY PROPERTY (NILAI) SDN. BHD.,,2023-02-22,24,,,,,
simedarby,Sime Darby,,55,Ara Bloc,7277-30,,,2026-04-14,998,,,,,
simedarby,Sime Darby,,56,Senada Residences,14350-1,SIME DARBY PROPERTY (SENADA) SDN. BHD.,,2016-05-20,429,,,,,
simedarby,Sime Darby,,57,Elmina Green (Eg1A),13017-19,,,2017-09-27,187,,,,,
simedarby,Sime Darby,,58,Elmina Green (Eg1B),13017-20,,,2017-10-13,211,,,,,
simedarby,Sime Darby,,59,Elmina East - (Phase G3C),13017-21,,,,72,,,,,
simedarby,Sime Darby,,60,Phase Eg1C,13017-22,,,2018-09-06,181,,,,,
simedarby,Sime Darby,,61,Phase G5,13017-23,,,2018-12-05,90,,,,,
simedarby,Sime Darby,,62,Phase Eg2 (Rumah Selangorku),13017-24,,,2019-03-15,562,,,,,
simedarby,Sime Darby,,63,Phase Ev5A,13017-25,,,2019-03-16,168,,,,,
simedarby,Sime Darby,,64,Phase Ev5B,13017-26,,,2019-03-20,205,,,,,
simedarby,Sime Darby,,65,Elmina Ilham,13017-27,,,2020-01-31,513,,,,,
simedarby,Sime Darby,,66,Elmina Hijauan Dua (Fasa A),13017-28,,,2020-02-06,218,,,,,
simedarby,Sime Darby,,67,Elmina Hijauan Dua (Fasa B),13017-29,,,2020-02-19,194,,,,,
simedarby,Sime Darby,,68,Hevea (Fasa B),13017-30,,,2020-12-18,57,,,,,
simedarby,Sime Darby,,69,Hevea (Fasa A),13017-31,,,2020-12-19,69,,,,,
simedarby,Sime Darby,,70,Elmina Hijauan Empat (Fasa A),13017-32,,,2021-03-02,189,,,,,
simedarby,Sime Darby,,71,Elmina Hijauan Empat (Fasa B),13017-33,,,2021-03-01,160,,,,,
simedarby,Sime Darby,,72,Elmina Hijauan Lima,13017-34,,,2021-08-20,208,,,,,
simedarby,Sime Darby,,73,Ilham Residence 2,13017-35,,,,277,,,,,
simedarby,Sime Darby,,74,Elmina Hijauan Enam (Fasa A),13017-36,,,2022-05-24,116,,,,,
simedarby,Sime Darby,,75,Elmina Hijauan Enam (Fasa B),13017-37,,,2022-07-25,139,,,,,
simedarby,Sime Darby,,76,Elmina Hijauan Tujuh (Fasa B),13017-38,,,2022-10-20,185,,,,,
simedarby,Sime Darby,,77,Elmina Hijauan Tujuh (Fasa A),13017-39,,,2022-10-20,131,,,,,
simedarby,Sime Darby,,78,Elmina Ilham Tiga,13017-40,,,2023-03-13,303,,,,,
simedarby,Sime Darby,,79,Elmina Hijauan Lapan (Fasa B),13017-41,,,2023-03-21,80,,,,,
simedarby,Sime Darby,,80,Elmina Hijauan Lapan (Fasa A),13017-42,,,,88,,,,,
simedarby,Sime Darby,,81,Embun,12408-11,,,2019-12-24,189,,,,,
simedarby,Sime Darby,,82,Anggun (Fasa 1),12408-12,,,2021-05-12,59,,,,,
simedarby,Sime Darby,,83,Anggun (Fasa 2),12408-13,,,2021-07-16,86,,,,,
simedarby,Sime Darby,,84,Suasana Ainsdale (Fasa 1),12408-14,,,2023-01-06,50,,,,,
simedarby,Sime Darby,,85,Suasana Ainsdale (Fasa 2),12408-15,,,2023-01-06,65,,,,,
simedarby,Sime Darby,,86,Phase A2,6785-7,,,,302,,,,,
simedarby,Sime Darby,,87,Phase A3-2,6785-8,,,,226,,,,,
simedarby,Sime Darby,,88,Phase A3-1,6785-9,,,2018-09-13,176,,,,,
simedarby,Sime Darby,,89,Phase A5-1,6785-10,,,2019-07-13,100,,,,,
simedarby,Sime Darby,,90,Phase A5-2,6785-11,,,2019-07-16,100,,,,,
simedarby,Sime Darby,,91,Serenia Ariya 3,6785-12,,,2020-08-23,122,,,,,
simedarby,Sime Darby,,92,Serenia Ariya,6785-13,,,,87,,,,,
simedarby,Sime Darby,,93,Serenia Ariya 2,6785-14,,,2020-08-25,115,,,,,
simedarby,Sime Darby,,94,Serenia Amalia 2,6785-15,,,2021-03-13,110,,,,,
simedarby,Sime Darby,,95,Serenia Amalia 3,6785-16,,,2021-03-15,60,,,,,
simedarby,Sime Darby,,96,Serenia Amalia 4,6785-17,,,2021-03-24,142,,,,,
simedarby,Sime Darby,,97,Serenia Amalia 1,6785-18,,,2021-03-23,120,,,,,
simedarby,Sime Darby,,98,Serenia Aiora 1,6785-19,,,2021-11-02,144,,,,,
simedarby,Sime Darby,,99,Serenia Aiora 2,6785-20,,,2021-11-20,138,,,,,
simedarby,Sime Darby,,100,Serenia Anira 1,6785-21,,,,84,,,,,
simedarby,Sime Darby,,101,Serenia Anira 3,6785-22,,,2022-07-21,116,,,,,
simedarby,Sime Darby,,102,Serenia Anira 2,6785-23,,,2022-10-05,96,,,,,
simedarby,Sime Darby,,103,Serenia Aqila,6785-24,,,2022-10-17,72,,,,,
simedarby,Sime Darby,,104,Serenia Anisa 2,6785-25,,,2023-01-30,202,,,,,
simedarby,Sime Darby,,105,Serenia Anisa 1,6785-26,,,2023-02-17,206,,,,,
spsetia,SP Setia,,1,Temasya Prisma,10530-12,TEMASYA DEVELOPMENT CO. SDN. BHD.,,2022-10-17,216,,,,,
spsetia,SP Setia,,2,Laman Setia @ Setia Eco Gardens,10611-24,KESAS KENANGAN SDN. BHD.,,2023-09-22,131,,,,,
spsetia,SP Setia,,3,Laman Jentayu @ Setia Eco Gardens,10611-25,KESAS KENANGAN SDN. BHD.,,,46,,,,,
spsetia,SP Setia,,4,Laman Setia @ Setia Eco Gardens,10611-26,KESAS KENANGAN SDN. BHD.,,2024-10-09,111,,,,,
spsetia,SP Setia,,5,Eugenia 1,10611-27,KESAS KENANGAN SDN. BHD.,,2026-01-14,32,,,,,
spsetia,SP Setia,,6,Carissa 1 @ Setia Eco Gardens,10611-28,KESAS KENANGAN SDN. BHD.,,2026-02-05,89,,,,,
spsetia,SP Setia,,7,Laman Setia @ Setia Eco Gardens,10611-29,KESAS KENANGAN SDN. BHD.,,,22,,,,,
spsetia,SP Setia,,8,Casa Rica,11461-7,KEWIRA JAYA SDN. BHD.,,2022-11-11,22,,,,,
spsetia,SP Setia,,9,Setia SV2,11978-4,KAY PRIDE SDN. BHD.,,2025-10-24,268,,,,,
spsetia,SP Setia,,10,Setia EcoHill township,13243-26,SETIA ECOHILL SDN. BHD.,,2023-09-26,40,,,,,
spsetia,SP Setia,,11,Queensville @ Setia EcoHill,13243-28,SETIA ECOHILL SDN. BHD.,,,37,,,,,
spsetia,SP Setia,,12,Setia Eco Templer collections (Regent/Refine/Robinson),14331-6,SETIA ECO TEMPLER SDN. BHD.,,2023-02-20,70,,,,,
spsetia,SP Setia,,13,Setia Eco Templer Phase 1B,14331-7,SETIA ECO TEMPLER SDN. BHD.,,2024-02-22,388,,,,,
spsetia,SP Setia,,14,Richmond Gate @ Setia Eco Templer,14331-8,SETIA ECO TEMPLER SDN. BHD.,,,70,,,,,
spsetia,SP Setia,,15,Setia EcoHill 2,14421-22,SETIA ECOHILL 2 SDN. BHD.,,2023-09-14,113,,,,,
spsetia,SP Setia,,16,Precinct Arundina @ Setia Eco Park,19700-5,S P SETIA ECO-PROJECTS MANAGEMENT SDN. BHD.,,,12,,,,,
spsetia,SP Setia,,17,Precinct Arundina @ Setia Eco Park,19700-6,S P SETIA ECO-PROJECTS MANAGEMENT SDN. BHD.,,,74,,,,,
spsetia,SP Setia,,18,Setia Fontaines,19732-10,SETIA FONTAINES SDN. BHD.,,2026-06-18,108,,,,,
spsetia,SP Setia,,19,Amansara North @ Setia Fontaines,19732-6,SETIA FONTAINES SDN. BHD.,,2023-03-17,127,,,,,
spsetia,SP Setia,,20,Setia Suria Phase 1 @ Setia Fontaines,19732-7,SETIA FONTAINES SDN. BHD.,,,154,,,,,
spsetia,SP Setia,,21,Setia Suria Phase 2 @ Setia Fontaines,19732-8,SETIA FONTAINES SDN. BHD.,,2024-12-05,179,,,,,
spsetia,SP Setia,,22,Setia Fontaines apartment component,19732-9,SETIA FONTAINES SDN. BHD.,,2026-03-18,640,,,,,
spsetia,SP Setia,,23,Setia Mayuri,19740-7,SETIA MAYURI SDN. BHD.,,,54,,,,,
spsetia,SP Setia,,24,Taman Rinting,2387-21,TAMAN GUNONG HIJAU SDN. BHD.,,2024-01-23,48,,,,,
spsetia,SP Setia,,25,Taman Rinting,2387-22,TAMAN GUNONG HIJAU SDN. BHD.,,2024-10-23,56,,,,,
spsetia,SP Setia,,26,Taman Rinting,2387-23,TAMAN GUNONG HIJAU SDN. BHD.,,2025-06-26,34,,,,,
spsetia,SP Setia,,27,Setia Alamsari township,30101-8,SETIA ALAMSARI  SDN. BHD.,,2024-06-10,72,,,,,
spsetia,SP Setia,,28,Avalyn @ Setia Alamsari,30101-9,SETIA ALAMSARI  SDN. BHD.,,,60,,,,,
spsetia,SP Setia,,29,Parkside Residences @ Setia Federal Hill,30874-1,SETIA MF SFH DEVELOPMENT  SDN. BHD.,,2024-12-17,693,,,,,
spsetia,SP Setia,,30,Setia Tropika,37-10,PETALING GARDEN SDN. BHD.,,2026-02-24,162,,,,,
spsetia,SP Setia,,31,Setia Tropika,37-9,PETALING GARDEN SDN. BHD.,,2024-12-04,420,,,,,
spsetia,SP Setia,,32,Bandar Kinrara,4924-79,PERUMAHAN KINRARA BERHAD,,2023-12-06,37,,,,,
spsetia,SP Setia,,33,Bandar Kinrara,4924-80,PERUMAHAN KINRARA BERHAD,,2024-01-11,38,,,,,
spsetia,SP Setia,,34,Bandar Kinrara,4924-81,PERUMAHAN KINRARA BERHAD,,2024-06-20,28,,,,,
spsetia,SP Setia,,35,Bandar Kinrara,4924-82,PERUMAHAN KINRARA BERHAD,,,30,,,,,
spsetia,SP Setia,,36,Bandar Kinrara,4924-83,PERUMAHAN KINRARA BERHAD,,,18,,,,,
spsetia,SP Setia,,37,Residensi Camar,673-12,PELANGI SDN. BHD.,,2025-04-25,499,,,,,
spsetia,SP Setia,,38,Taman Pelangi Indah,7180-39,YUKONG DEVELOPMENT (PTE) LIMITED,,,86,,,,,
spsetia,SP Setia,,39,Taman Pelangi Indah,7180-40,YUKONG DEVELOPMENT (PTE) LIMITED,,,77,,,,,
spsetia,SP Setia,,40,Taman Pelangi Indah,7180-41,YUKONG DEVELOPMENT (PTE) LIMITED,,,98,,,,,
spsetia,SP Setia,,41,Sri Senja & Sri Embun @ Setia Indah,8118-60,SETIA INDAH SDN. BHD.,,2017-08-01,355,,,,,
spsetia,SP Setia,,42,Aurinia @ Setia Indah,8118-74,SETIA INDAH SDN. BHD.,,2023-09-29,40,,,,,
spsetia,SP Setia,,43,Laman Aluvium @ Setia Indah,8118-75,SETIA INDAH SDN. BHD.,,,103,,,,,
spsetia,SP Setia,,44,Laman Aluvium @ Setia Indah,8118-76,SETIA INDAH SDN. BHD.,,2024-01-10,95,,,,,
spsetia,SP Setia,,45,Laman Bukit @ Setia Indah,8118-77,SETIA INDAH SDN. BHD.,,2024-10-23,30,,,,,
spsetia,SP Setia,,46,Pangsapuri Setia Impiana @ Setia Indah,8118-78,SETIA INDAH SDN. BHD.,,2025-03-18,600,,,,,
spsetia,SP Setia,,47,Residensi Lili @ Setia Indah,8118-79,SETIA INDAH SDN. BHD.,,2026-02-23,108,,,,,
spsetia,SP Setia,,48,Summera Grove @ Setia Indah,8118-80,SETIA INDAH SDN. BHD.,,2026-03-06,203,,,,,
spsetia,SP Setia,,49,Sapphire Elan @ Setia Indah,8118-81,SETIA INDAH SDN. BHD.,,,27,,,,,
spsetia,SP Setia,,50,Laman Danau @ Setia Indah,8118-82,SETIA INDAH SDN. BHD.,,,88,,,,,
spsetia,SP Setia,,51,Duta Villa @ Setia Alam,9246-123,BANDAR SETIA ALAM SDN. BHD.,,2023-05-26,68,,,,,
spsetia,SP Setia,,52,Setia Alam township,9246-124,BANDAR SETIA ALAM SDN. BHD.,,2023-09-29,102,,,,,
spsetia,SP Setia,,53,Le Jardin @ Setia Alam,9246-125,BANDAR SETIA ALAM SDN. BHD.,,2024-09-10,72,,,,,
spsetia,SP Setia,,54,Musika Homes @ Setia Alam,9246-126,BANDAR SETIA ALAM SDN. BHD.,,,100,,,,,
spsetia,SP Setia,,55,Forestree @ Setia Eco Park,9586-34,BANDAR ECO-SETIA SDN. BHD.,,2024-09-13,19,,,,,
spsetia,SP Setia,,56,Robin Cove @ Setia Eco Park,9586-35,BANDAR ECO-SETIA SDN. BHD.,,2024-12-27,11,,,,,
spsetia,SP Setia,,57,Robin Cove @ Setia Eco Park,9586-36,BANDAR ECO-SETIA SDN. BHD.,,2025-05-09,29,,,,,
spsetia,SP Setia,,58,Kingfisher @ Setia Alam,9586-37,BANDAR ECO-SETIA SDN. BHD.,,2025-12-31,67,,,,,
spsetia,SP Setia,,59,Setia Bayuemas,9796-21,I & P KOTA BAYUEMAS SDN. BHD.,,2023-11-29,83,,,,,
spsetia,SP Setia,,60,Setia Bayuemas,9796-22,I & P KOTA BAYUEMAS SDN. BHD.,,2023-12-06,42,,,,,
spsetia,SP Setia,,61,Setia Bayuemas,9796-23,I & P KOTA BAYUEMAS SDN. BHD.,,2024-08-19,95,,,,,
spsetia,SP Setia,,62,Setia Bayuemas,9796-24,I & P KOTA BAYUEMAS SDN. BHD.,,2024-11-13,38,,,,,
spsetia,SP Setia,,63,Pangsapuri Bayu Impian (RSKU) @ Setia Bayuemas,9796-25,I & P KOTA BAYUEMAS SDN. BHD.,,2025-05-14,561,,,,,
spsetia,SP Setia,,64,Setia Bayuemas,9796-26,I & P KOTA BAYUEMAS SDN. BHD.,,,82,,,,,
spsetia,SP Setia,,65,Setia Bayuemas,9796-27,I & P KOTA BAYUEMAS SDN. BHD.,,,69,,,,,
spsetia,SP Setia,,66,Setia Alam Impian,9829-28,I & P ALAM IMPIAN SDN.BHD.,,2023-11-10,116,,,,,
spsetia,SP Setia,,67,Setia Alam Impian,9829-29,I & P ALAM IMPIAN SDN.BHD.,,2024-06-19,60,,,,,
spsetia,SP Setia,,68,Setia Alam Impian,9829-30,I & P ALAM IMPIAN SDN.BHD.,,2024-07-01,101,,,,,
spsetia,SP Setia,,69,Setia Alam Impian,9829-31,I & P ALAM IMPIAN SDN.BHD.,,,70,,,,,
spsetia,SP Setia,,70,Setia Alam Impian,9829-33,I & P ALAM IMPIAN SDN.BHD.,,2025-11-24,40,,,,,
spsetia,SP Setia,,71,Setia Alam Impian,9829-34,I & P ALAM IMPIAN SDN.BHD.,,2026-03-12,146,,,,,
spsetia,SP Setia,,72,Elysian @ Setia Alamsari,9851-25,I & P MENARA SDN.BHD.,,,40,,,,,
spsetia,SP Setia,,73,Laelia @ Setia Bayuemas,9796-19,,,2023-07-24,98,,,,,
spsetia,SP Setia,,74,Setia Eco Templer,14331-1,,,2016-05-04,234,,,,,
spsetia,SP Setia,,75,Setia Eco Templer,14331-2,,,2017-02-23,388,,,,,
spsetia,SP Setia,,76,Setia Eco Templer,14331-3,,,2017-11-03,168,,,,,
spsetia,SP Setia,,77,Setia Eco Templer,14331-4,,,2018-11-22,155,,,,,
spsetia,SP Setia,,78,Setia Eco Templer,14331-5,,,,74,,,,,
spsetia,SP Setia,,79,Setia Alamsari,30101-1,,,,88,,,,,
spsetia,SP Setia,,80,Setia Alamsari,30101-2,,,,44,,,,,
spsetia,SP Setia,,81,Setia Alamsari,30101-3,,,,44,,,,,
spsetia,SP Setia,,82,Setia Alamsari,30101-4,,,2023-03-28,114,,,,,
spsetia,SP Setia,,83,Setia Alamsari,30101-5,,,,88,,,,,
spsetia,SP Setia,,84,Setia Alamsari,30101-6,,,,44,,,,,
spsetia,SP Setia,,85,Setia Alamsari,30101-7,,,,60,,,,,
spsetia,SP Setia,,86,Setia Bayuemas,9796-20,,,2023-07-25,97,,,,,
spsetia,SP Setia,,87,Bandar Baru Seri Petaling Fasa Zone P3 (Residensi Rimbunan),37-5,,,2017-04-07,272,,,,,
spsetia,SP Setia,,88,Setia Warisan Tropika,37-6,,,1992-01-23,187,,,,,
spsetia,SP Setia,,89,Setia Warisan Tropika,37-7,,,2020-12-06,135,,,,,
spsetia,SP Setia,,90,Setia Warisan Tropika (Phase 3A),37-8,,,2023-02-23,117,,,,,
spsetia,SP Setia,,91,Setia Eco Glades,12215-6,,,2018-08-15,142,,,,,
spsetia,SP Setia,,92,Setia Eco Glades,12215-7,,,,152,,,,,
spsetia,SP Setia,,93,Setia Marina (Glade 8),12215-8,,,2021-02-18,60,,,,,
spsetia,SP Setia,,94,Setia Marina Glade 7,12215-9,,,2022-04-06,100,,,,,
spsetia,SP Setia,,95,Elmera,14421-6,,,,92,,,,,
spsetia,SP Setia,,96,Barras,14421-7,,,,114,,,,,
spsetia,SP Setia,,97,Amarus,14421-8,,,,81,,,,,
spsetia,SP Setia,,98,Baccas,14421-9,,,,68,,,,,
spsetia,SP Setia,,99,Frossa,14421-10,,,2019-05-28,84,,,,,
spsetia,SP Setia,,100,Setia Ecohill 2,14421-11,,,2019-08-15,66,,,,,
spsetia,SP Setia,,101,Aronia,14421-12,,,,86,,,,,
spsetia,SP Setia,,102,Setia Ecohill 2,14421-13,,,2020-01-04,105,,,,,
spsetia,SP Setia,,103,Acorus,14421-14,,,2021-01-26,69,,,,,
spsetia,SP Setia,,104,Acorus 2,14421-15,,,2021-03-24,62,,,,,
spsetia,SP Setia,,105,Farina,14421-16,,,2021-07-14,76,,,,,
spsetia,SP Setia,,106,Azolla,14421-17,,,2021-10-29,76,,,,,
spsetia,SP Setia,,107,Carnus 2,14421-18,,,2021-11-26,66,,,,,
spsetia,SP Setia,,108,Beronia,14421-19,,,,77,,,,,
spsetia,SP Setia,,109,Setia Ecohill 2,14421-20,,,,84,,,,,
spsetia,SP Setia,,110,Setia Ecohill 2,14421-21,,,2023-03-31,99,,,,,
spsetia,SP Setia,,111,Kandara,19740-1,,,2019-08-16,34,,,,,
spsetia,SP Setia,,112,Allia & Kandara,19740-2,,,2019-09-19,26,,,,,
spsetia,SP Setia,,113,Kayana,19740-3,,,2019-10-31,36,,,,,
spsetia,SP Setia,,114,Kastela,19740-4,,,2022-03-15,29,,,,,
spsetia,SP Setia,,115,Setia Mayuri,19740-5,,,,8,,,,,
spsetia,SP Setia,,116,Setia Mayuri,19740-6,,,2023-03-09,26,,,,,
spsetia,SP Setia,,117,Amansara North,19732-4,,,2022-12-16,192,,,,,
spsetia,SP Setia,,118,Amansara North,19732-5,,,2023-03-17,180,,,,,
ksl,KSL,,1,Austin Legacy @ Mount Austin,13457-2,PROSPER PLUS INDUSTRY SDN. BHD.,,,1280,,,,,
ksl,KSL,,2,Lake View (Ponderosa) @ Taman Molek,14641-2,VIP BEYOND SDN. BHD.,,,1200,,,,,
ksl,KSL,,3,Taman Puncak Tropicana Ph1,30622-1,KSL MEDINI DEVELOPMENT SDN. BHD.,,2024-06-11,160,,,,,
ksl,KSL,,4,Taman Puncak Tropicana Ph2,30622-2,KSL MEDINI DEVELOPMENT SDN. BHD.,,,175,,,,,
ksl,KSL,,5,Taman Puncak Tropicana Ph3,30622-3,KSL MEDINI DEVELOPMENT SDN. BHD.,,,132,,,,,
ksl,KSL,,6,Taman Puncak Tropicana Ph4,30622-4,KSL MEDINI DEVELOPMENT SDN. BHD.,,,129,,,,,
ksl,KSL,,7,Maple Residences @ Bandar Bestari Klang,31041-1,KSL BESTARI SDN. BHD.,,2026-05-21,733,,,,,
ksl,KSL,,8,Riveria Elora @ Wawari,31063-1,WAWARI SDN. BHD.,,2026-03-06,230,,,,,
ksl,KSL,,9,Riveria Aluna @ Wawari (530 total),31063-2,WAWARI SDN. BHD.,,2026-03-06,265,,,,,
ksl,KSL,,10,Riveria Aluna @ Wawari Ph2 (530 total),31063-3,WAWARI SDN. BHD.,,2026-03-06,265,,,,,
ksl,KSL,,11,Riverhaus @ Wawari (2160 total),31063-4,WAWARI SDN. BHD.,,2026-07-09,1022,,,,,
ksl,KSL,,12,Riverhaus @ Wawari Ph2 (2160 total),31063-5,WAWARI SDN. BHD.,,2026-07-09,1138,,,,,
ksl,KSL,,13,Taman Bintang 2,3390-38,KHOO SOON LEE REALTY SDN. BHD.,,2006-12-11,71,,,,,
ksl,KSL,,14,D'Secret Garden 2 @ Kempas Indah (3389 total),3390-71,KHOO SOON LEE REALTY SDN. BHD.,,2021-04-29,1688,,,,,
ksl,KSL,,15,KSL Raintree Residences @ Bandar Bestari,3390-77,KHOO SOON LEE REALTY SDN. BHD.,,2023-08-29,612,,,,,
ksl,KSL,,16,Aurora @ Bestari Indah,3390-78,KHOO SOON LEE REALTY SDN. BHD.,,2024-05-06,181,,,,,
ksl,KSL,,17,Aurora @ Bestari Indah,3390-79,KHOO SOON LEE REALTY SDN. BHD.,,2024-07-22,217,,,,,
ksl,KSL,,18,D'Secret Garden 2 @ Kempas Indah Ph2,3390-80,KHOO SOON LEE REALTY SDN. BHD.,,,1664,,,,,
ksl,KSL,,19,Taman Melati,3390-81,KHOO SOON LEE REALTY SDN. BHD.,,,19,,,,,
ksl,KSL,,20,Aurora @ Bestari Indah,3390-82,KHOO SOON LEE REALTY SDN. BHD.,,,182,,,,,
ksl,KSL,,21,Jewel Residences @ Plentong,3390-83,KHOO SOON LEE REALTY SDN. BHD.,,,864,,,,,
ksl,KSL,,22,Taman Rajawali,3390-84,KHOO SOON LEE REALTY SDN. BHD.,,,44,,,,,
ksl,KSL,,23,Aurora @ Bestari Indah,3390-85,KHOO SOON LEE REALTY SDN. BHD.,,,223,,,,,
ksl,KSL,,24,Mutiara Bestari @ Iskandar Puteri,3390-86,KHOO SOON LEE REALTY SDN. BHD.,,,176,,,,,
ksl,KSL,,25,Pulai Bestari (Cluster/Semi-D) @ Skudai,4204-16,BINTANG-BINTANG DEVELOPMENT SDN.BHD,,,240,,,,,
ksl,KSL,,26,Pulai Bestari 22x70/32x70 @ Skudai,4204-17,BINTANG-BINTANG DEVELOPMENT SDN.BHD,,,196,,,,,
ksl,KSL,,27,?,4205-10,GOODPARK DEVELOPMENT SDN. BHD.,,,60,,,,,
ksl,KSL,,28,?,4205-11,GOODPARK DEVELOPMENT SDN. BHD.,,,52,,,,,
ksl,KSL,,29,?,4205-12,GOODPARK DEVELOPMENT SDN. BHD.,,,60,,,,,
ksl,KSL,,30,Taman Bahagia,4706-6,HARAPAN TERANG SDN. BHD.,,2005-05-31,32,,,,,
ksl,KSL,,31,Taman Pengkalan Esah,5192-10,SEJOTA SDN. BHD.,,,45,,,,,
ksl,KSL,,32,Taman Pesona,5192-9,SEJOTA SDN. BHD.,,2024-10-25,61,,,,,
ksl,KSL,,33,Taman Cemerlang,7777-13,KSL DEVELOPMENT SDN. BHD.,,2023-09-18,91,,,,,
ksl,KSL,,34,Taman Banang Jaya,7777-14,KSL DEVELOPMENT SDN. BHD.,,2023-11-03,101,,,,,
ksl,KSL,,35,Taman Banang Jaya Ph2,7777-15,KSL DEVELOPMENT SDN. BHD.,,2023-11-03,221,,,,,
ksl,KSL,,36,Taman Mengkibol,7777-16,KSL DEVELOPMENT SDN. BHD.,,,237,,,,,
ksl,KSL,,37,Taman Banang Jaya Ph3,7777-17,KSL DEVELOPMENT SDN. BHD.,,,176,,,,,
ksl,KSL,,38,Ceros Residence @ Skudai/Mutiara Rini,7777-18,KSL DEVELOPMENT SDN. BHD.,,,1148,,,,,
ksl,KSL,,39,Riveria Avenia @ Wawari,"31063-1,31063-2,31063-3",WAWARI SDN. BHD.,,2026-03-06,440,,,,,
ksl,KSL,,40,Puteri Residences @ Taman Puteri Wangsa,,,,,1974,,,,,Not launched yet.
ksl,KSL,,41,Bukit Gemilang,3390-73,KHOO SOON LEE REALTY SDN. BHD.,,2022-09-12,476,,,,,
ksl,KSL,,42,KSL Residences 2 @ Taman Daya,3390-64,KHOO SOON LEE REALTY SDN. BHD.,,2019-10-18,1276,,,,,
johor,,PGB,1,Paragon Maplewood,31366-1,CHEMPAKA LOGISTIK SDN. BHD. (JoLand / PGB),,,621,,,,,
tslaw,TS Law,,6,Hanya Wahyu @ Taman Wahyu,,,,,1816,,,,,Not launched yet.
