tracker,pattern
armani,ARMANI
avaland,AVALAND
binastra,BINASTRA
brdb,BRDB
brdb,BANDAR RAYA DEVELOPMENTS
chinhin,CHIN HIN
cpiland,CPI LAND
ecoworld,ECO WORLD
ecoworld,ECO
exsim,EXSIM
ksl,KSL
ksl,KHOO SOON LEE
lagenda,LAGENDA
lbs,LBS
mahsing,MAH SING
majesticgen,MAJESTIC GEN
malton,MALTON
maxim,MAXIM
mbworld,MB WORLD
platinumvictory,PLATINUM VICTORY
radium,RADIUM
scientex,SCIENTEX
setiaawan,SETIA AWAN
simedarby,SIME DARBY
sks,SKS
skyworld,SKYWORLD
spsetia,S P SETIA
spsetia,SETIA ECO
spsetia,SETIA ECOHILL
spsetia,BANDAR SETIA ALAM
spsetia,BANDAR ECO SETIA
spsetia,SETIA ALAMSARI
spsetia,SETIA FONTAINES
spsetia,SETIA INDAH
spsetia,SETIA MAYURI
spsetia,SETIA MF
trinitygroup,TRINITY
tslaw,TS LAW
uem,UEM
uem,SUNRISE
