week,project_key,tracker,project,unit_type,sold,seen
2026-06-05,straits-view-duo,johor,,A,110,
2026-06-05,straits-view-duo,johor,,A1,4,
2026-06-05,straits-view-duo,johor,,A2,1,
2026-06-05,straits-view-duo,johor,,B,72,
2026-06-05,straits-view-duo,johor,,B1,20,
2026-06-05,straits-view-duo,johor,,B2,4,
2026-06-05,straits-view-duo,johor,,C,51,
2026-06-05,straits-view-duo,johor,,C1,2,
2026-06-12,straits-view-duo,johor,,A,117,
2026-06-12,straits-view-duo,johor,,A1,3,
2026-06-12,straits-view-duo,johor,,A2,1,
2026-06-12,straits-view-duo,johor,,B,71,
2026-06-12,straits-view-duo,johor,,B1,22,
2026-06-12,straits-view-duo,johor,,B2,4,
2026-06-12,straits-view-duo,johor,,C,55,
2026-06-12,straits-view-duo,johor,,C1,2,
2026-06-19,straits-view-duo,johor,,A,116,
2026-06-19,straits-view-duo,johor,,A1,3,
2026-06-19,straits-view-duo,johor,,A2,1,
2026-06-19,straits-view-duo,johor,,B,73,
2026-06-19,straits-view-duo,johor,,B1,21,
2026-06-19,straits-view-duo,johor,,B2,4,
2026-06-19,straits-view-duo,johor,,C,54,
2026-06-19,straits-view-duo,johor,,C1,2,
2026-06-26,straits-view-duo,johor,,A,120,
2026-06-26,straits-view-duo,johor,,A1,3,
2026-06-26,straits-view-duo,johor,,A2,1,
2026-06-26,straits-view-duo,johor,,B,74,
2026-06-26,straits-view-duo,johor,,B1,21,
2026-06-26,straits-view-duo,johor,,B2,4,
2026-06-26,straits-view-duo,johor,,C,56,
2026-06-26,straits-view-duo,johor,,C1,2,
2026-07-03,straits-view-duo,johor,,A,120,
2026-07-03,straits-view-duo,johor,,A1,3,
2026-07-03,straits-view-duo,johor,,A2,1,
2026-07-03,straits-view-duo,johor,,B,74,
2026-07-03,straits-view-duo,johor,,B1,21,
2026-07-03,straits-view-duo,johor,,B2,4,
2026-07-03,straits-view-duo,johor,,C,58,
2026-07-03,straits-view-duo,johor,,C1,2,
2026-07-10,straits-view-duo,johor,,A,125,
2026-07-10,straits-view-duo,johor,,A1,4,
2026-07-10,straits-view-duo,johor,,A2,1,
2026-07-10,straits-view-duo,johor,,B,74,
2026-07-10,straits-view-duo,johor,,B1,21,
2026-07-10,straits-view-duo,johor,,B2,4,
2026-07-10,straits-view-duo,johor,,C,54,
2026-07-10,straits-view-duo,johor,,C1,2,
2026-07-17,straits-view-duo,johor,,A,127,
2026-07-17,straits-view-duo,johor,,A1,4,
2026-07-17,straits-view-duo,johor,,A2,1,
2026-07-17,straits-view-duo,johor,,B,69,
2026-07-17,straits-view-duo,johor,,B1,21,
2026-07-17,straits-view-duo,johor,,B2,3,
2026-07-17,straits-view-duo,johor,,C,56,
2026-07-17,straits-view-duo,johor,,C1,2,
2026-07-24,straits-view-duo,johor,,A,123,
2026-07-24,straits-view-duo,johor,,A1,4,
2026-07-24,straits-view-duo,johor,,A2,1,
2026-07-24,straits-view-duo,johor,,B,73,
2026-07-24,straits-view-duo,johor,,B1,21,
2026-07-24,straits-view-duo,johor,,B2,3,
2026-07-24,straits-view-duo,johor,,C,58,
2026-07-24,straits-view-duo,johor,,C1,2,
2026-07-31,straits-view-duo,johor,,A,125,
2026-07-31,straits-view-duo,johor,,A1,4,
2026-07-31,straits-view-duo,johor,,A2,1,
2026-07-31,straits-view-duo,johor,,B,76,
2026-07-31,straits-view-duo,johor,,B1,21,
2026-07-31,straits-view-duo,johor,,B2,3,
2026-07-31,straits-view-duo,johor,,C,59,
2026-07-31,straits-view-duo,johor,,C1,2,
2026-08-07,straits-view-duo,johor,,A,127,
2026-08-07,straits-view-duo,johor,,A1,4,
2026-08-07,straits-view-duo,johor,,A2,1,
2026-08-07,straits-view-duo,johor,,B,76,
2026-08-07,straits-view-duo,johor,,B1,21,
2026-08-07,straits-view-duo,johor,,B2,3,
2026-08-07,straits-view-duo,johor,,C,59,
2026-08-07,straits-view-duo,johor,,C1,2,
2026-06-05,permas-heights,johor,,A,289,
2026-06-05,permas-heights,johor,,B,273,
2026-06-05,permas-heights,johor,,C,268,
2026-06-12,permas-heights,johor,,A,280,
2026-06-12,permas-heights,johor,,B,302,
2026-06-12,permas-heights,johor,,C,257,
2026-06-19,permas-heights,johor,,A,320,
2026-06-19,permas-heights,johor,,B,290,
2026-06-19,permas-heights,johor,,C,285,
2026-06-26,permas-heights,johor,,A,290,
2026-06-26,permas-heights,johor,,B,289,
2026-06-26,permas-heights,johor,,C,268,
2026-07-03,permas-heights,johor,,A,309,
2026-07-03,permas-heights,johor,,B,275,
2026-07-03,permas-heights,johor,,C,269,
2026-07-10,permas-heights,johor,,A,301,
2026-07-10,permas-heights,johor,,B,317,
2026-07-10,permas-heights,johor,,C,283,
2026-07-17,permas-heights,johor,,A,302,
2026-07-17,permas-heights,johor,,B,320,
2026-07-17,permas-heights,johor,,C,283,
2026-07-24,permas-heights,johor,,A,315,
2026-07-24,permas-heights,johor,,B,297,
2026-07-24,permas-heights,johor,,C,304,
2026-07-31,permas-heights,johor,,A,306,
2026-07-31,permas-heights,johor,,B,324,
2026-07-31,permas-heights,johor,,C,295,
2026-08-07,permas-heights,johor,,A,307,
2026-08-07,permas-heights,johor,,B,329,
2026-08-07,permas-heights,johor,,C,299,
2026-06-05,parkland-phase-1,johor,,A,129,
2026-06-05,parkland-phase-1,johor,,B,265,
2026-06-05,parkland-phase-1,johor,,C,271,
2026-06-12,parkland-phase-1,johor,,A,129,
2026-06-12,parkland-phase-1,johor,,B,264,
2026-06-12,parkland-phase-1,johor,,C,271,
2026-06-19,parkland-phase-1,johor,,A,129,
2026-06-19,parkland-phase-1,johor,,B,264,
2026-06-19,parkland-phase-1,johor,,C,271,
2026-06-26,parkland-phase-1,johor,,A,129,
2026-06-26,parkland-phase-1,johor,,B,265,
2026-06-26,parkland-phase-1,johor,,C,272,
2026-07-03,parkland-phase-1,johor,,A,129,
2026-07-03,parkland-phase-1,johor,,B,250,
2026-07-03,parkland-phase-1,johor,,C,287,
2026-07-10,parkland-phase-1,johor,,A,129,
2026-07-10,parkland-phase-1,johor,,B,265,
2026-07-10,parkland-phase-1,johor,,C,272,
2026-07-17,parkland-phase-1,johor,,A,89,
2026-07-17,parkland-phase-1,johor,,B,242,
2026-07-17,parkland-phase-1,johor,,C,335,
2026-07-24,parkland-phase-1,johor,,A,105,
2026-07-24,parkland-phase-1,johor,,B,267,
2026-07-24,parkland-phase-1,johor,,C,294,
2026-07-31,parkland-phase-1,johor,,A,129,
2026-07-31,parkland-phase-1,johor,,B,265,
2026-07-31,parkland-phase-1,johor,,C,272,
2026-08-07,parkland-phase-1,johor,,A,129,
2026-08-07,parkland-phase-1,johor,,B,265,
2026-08-07,parkland-phase-1,johor,,C,272,
2026-06-05,parkland-phase-2,johor,,A,75,
2026-06-05,parkland-phase-2,johor,,B,172,
2026-06-05,parkland-phase-2,johor,,C,91,
2026-06-12,parkland-phase-2,johor,,A,82,
2026-06-12,parkland-phase-2,johor,,B,156,
2026-06-12,parkland-phase-2,johor,,C,100,
2026-06-19,parkland-phase-2,johor,,A,87,
2026-06-19,parkland-phase-2,johor,,B,156,
2026-06-19,parkland-phase-2,johor,,C,100,
2026-06-26,parkland-phase-2,johor,,A,78,
2026-06-26,parkland-phase-2,johor,,B,156,
2026-06-26,parkland-phase-2,johor,,C,115,
2026-07-03,parkland-phase-2,johor,,A,78,
2026-07-03,parkland-phase-2,johor,,B,162,
2026-07-03,parkland-phase-2,johor,,C,112,
2026-07-10,parkland-phase-2,johor,,A,80,
2026-07-10,parkland-phase-2,johor,,B,171,
2026-07-10,parkland-phase-2,johor,,C,116,
2026-07-17,parkland-phase-2,johor,,A,78,
2026-07-17,parkland-phase-2,johor,,B,173,
2026-07-17,parkland-phase-2,johor,,C,120,
2026-07-24,parkland-phase-2,johor,,A,80,
2026-07-24,parkland-phase-2,johor,,B,175,
2026-07-24,parkland-phase-2,johor,,C,124,
2026-07-31,parkland-phase-2,johor,,A,85,
2026-07-31,parkland-phase-2,johor,,B,177,
2026-07-31,parkland-phase-2,johor,,C,122,
2026-08-07,parkland-phase-2,johor,,A,85,
2026-08-07,parkland-phase-2,johor,,B,177,
2026-08-07,parkland-phase-2,johor,,C,123,
2026-08-14,straits-view-duo,johor,The Straits View Duo,A,129,378
2026-08-14,straits-view-duo,johor,The Straits View Duo,A1,4,8
2026-08-14,straits-view-duo,johor,The Straits View Duo,A2,1,2
2026-08-14,straits-view-duo,johor,The Straits View Duo,B,76,160
2026-08-14,straits-view-duo,johor,The Straits View Duo,B1,21,53
2026-08-14,straits-view-duo,johor,The Straits View Duo,B2,3,4
2026-08-14,straits-view-duo,johor,The Straits View Duo,C,61,108
2026-08-14,straits-view-duo,johor,The Straits View Duo,C1,2,2
2026-08-14,permas-heights,johor,Permas Heights,A,309,600
2026-08-14,permas-heights,johor,Permas Heights,B,331,600
2026-08-14,permas-heights,johor,Permas Heights,C,302,750
2026-08-14,parkland-phase-1,johor,Parkland by the River,A,129,180
2026-08-14,parkland-phase-1,johor,Parkland by the River,B,265,418
2026-08-14,parkland-phase-1,johor,Parkland by the River,C,272,480
2026-08-14,parkland-phase-2,johor,Parkland by the River,A,86,178
2026-08-14,parkland-phase-2,johor,Parkland by the River,B,177,420
2026-08-14,parkland-phase-2,johor,Parkland by the River,C,123,480
2026-08-21,straits-view-duo,johor,The Straits View Duo,A,131,378
2026-08-21,straits-view-duo,johor,The Straits View Duo,A1,4,8
2026-08-21,straits-view-duo,johor,The Straits View Duo,A2,1,2
2026-08-21,straits-view-duo,johor,The Straits View Duo,B,77,160
2026-08-21,straits-view-duo,johor,The Straits View Duo,B1,21,53
2026-08-21,straits-view-duo,johor,The Straits View Duo,B2,3,4
2026-08-21,straits-view-duo,johor,The Straits View Duo,C,63,108
2026-08-21,straits-view-duo,johor,The Straits View Duo,C1,2,2
2026-08-21,permas-heights,johor,Permas Heights,A,315,600
2026-08-21,permas-heights,johor,Permas Heights,B,334,600
2026-08-21,permas-heights,johor,Permas Heights,C,305,750
2026-08-21,parkland-phase-1,johor,Parkland by the River,A,130,180
2026-08-21,parkland-phase-1,johor,Parkland by the River,B,265,418
2026-08-21,parkland-phase-1,johor,Parkland by the River,C,272,480
2026-08-21,parkland-phase-2,johor,Parkland by the River,A,87,178
2026-08-21,parkland-phase-2,johor,Parkland by the River,B,181,420
2026-08-21,parkland-phase-2,johor,Parkland by the River,C,123,480
2026-08-28,straits-view-duo,johor,The Straits View Duo,A,132,378
2026-08-28,straits-view-duo,johor,The Straits View Duo,A1,4,8
2026-08-28,straits-view-duo,johor,The Straits View Duo,A2,1,2
2026-08-28,straits-view-duo,johor,The Straits View Duo,B,78,160
2026-08-28,straits-view-duo,johor,The Straits View Duo,B1,21,53
2026-08-28,straits-view-duo,johor,The Straits View Duo,B2,3,4
2026-08-28,straits-view-duo,johor,The Straits View Duo,C,63,108
2026-08-28,straits-view-duo,johor,The Straits View Duo,C1,2,2
2026-08-28,permas-heights,johor,Permas Heights,A,318,600
2026-08-28,permas-heights,johor,Permas Heights,B,336,600
2026-08-28,permas-heights,johor,Permas Heights,C,308,750
2026-08-28,parkland-phase-1,johor,Parkland by the River,A,130,180
2026-08-28,parkland-phase-1,johor,Parkland by the River,B,265,418
2026-08-28,parkland-phase-1,johor,Parkland by the River,C,272,480
2026-08-28,parkland-phase-2,johor,Parkland by the River,A,88,178
2026-08-28,parkland-phase-2,johor,Parkland by the River,B,182,420
2026-08-28,parkland-phase-2,johor,Parkland by the River,C,125,480
