tracker,seq,week,code,total_sold,total_units,teduh_name,note,block_note
seputeh,1,2026-07-10,32-16,30,,,seeded from existing tracker,
seputeh,1,2026-07-10,30216-1,32,,,seeded from existing tracker,
seputeh,1,2026-07-10,30216-2,29,,,seeded from existing tracker,
seputeh,1,2026-07-10,31078-1,45,,,seeded from existing tracker,
seputeh,1,2026-07-10,31274-1,0,,,seeded from existing tracker,
seputeh,1,2026-07-10,2463-23,,,,seeded from existing tracker,
seputeh,2,2026-07-17,32-16,34,,,seeded from existing tracker,
seputeh,2,2026-07-17,30216-1,33,,,seeded from existing tracker,
seputeh,2,2026-07-17,30216-2,31,,,seeded from existing tracker,
seputeh,2,2026-07-17,31078-1,45,,,seeded from existing tracker,
seputeh,2,2026-07-17,31274-1,0,,,seeded from existing tracker,
seputeh,2,2026-07-17,2463-23,32,,,seeded from existing tracker,
seputeh,3,2026-07-31,32-16,40,,,seeded from existing tracker,
seputeh,3,2026-07-31,30216-1,33,,,seeded from existing tracker,
seputeh,3,2026-07-31,30216-2,37,,,seeded from existing tracker,
seputeh,3,2026-07-31,31078-1,45,,,seeded from existing tracker,
seputeh,3,2026-07-31,31274-1,1,,,seeded from existing tracker,
seputeh,3,2026-07-31,2463-23,214,,,seeded from existing tracker,
seputeh,4,2026-08-07,32-16,41,,,seeded from existing tracker,
seputeh,4,2026-08-07,30216-1,33,,,seeded from existing tracker,
seputeh,4,2026-08-07,30216-2,42,,,seeded from existing tracker,
seputeh,4,2026-08-07,31078-1,45,,,seeded from existing tracker,
seputeh,4,2026-08-07,31274-1,1,,,seeded from existing tracker,
seputeh,4,2026-08-07,2463-23,262,,,seeded from existing tracker,
status13,1,2026-04-23,13262-2,85,,,seeded from existing tracker,
status13,1,2026-04-23,30590-2,46,,,seeded from existing tracker,
status13,1,2026-04-23,5911-33,792,,,seeded from existing tracker,
status13,1,2026-04-23,30363-2,1091,,,seeded from existing tracker,
status13,1,2026-04-23,30821-1,446,,,seeded from existing tracker,
status13,1,2026-04-23,30366-1,452,,,seeded from existing tracker,
status13,1,2026-04-23,13074-4,234,,,seeded from existing tracker,
status13,1,2026-04-23,8824-5,379,,,seeded from existing tracker,
status13,1,2026-04-23,20253-3,0,,,seeded from existing tracker,
status13,1,2026-04-23,30876-1,0,,,seeded from existing tracker,
status13,1,2026-04-23,30250-2,0,,,seeded from existing tracker,
status13,1,2026-04-23,NOCODE-R16,0,,,seeded from existing tracker,
status13,2,2026-04-30,13262-2,109,,,seeded from existing tracker,
status13,2,2026-04-30,30590-2,52,,,seeded from existing tracker,
status13,2,2026-04-30,5911-33,808,,,seeded from existing tracker,
status13,2,2026-04-30,30363-2,0,,,seeded from existing tracker,
status13,2,2026-04-30,30821-1,0,,,seeded from existing tracker,
status13,2,2026-04-30,30366-1,454,,,seeded from existing tracker,
status13,2,2026-04-30,13074-4,0,,,seeded from existing tracker,
status13,2,2026-04-30,8824-5,0,,,seeded from existing tracker,
status13,2,2026-04-30,20253-3,0,,,seeded from existing tracker,
status13,2,2026-04-30,30876-1,0,,,seeded from existing tracker,
status13,2,2026-04-30,30250-2,,,,seeded from existing tracker,
status13,2,2026-04-30,NOCODE-R16,0,,,seeded from existing tracker,
status13,3,2026-05-07,13262-2,123,,,seeded from existing tracker,
status13,3,2026-05-07,30590-2,54,,,seeded from existing tracker,
status13,3,2026-05-07,5911-33,818,,,seeded from existing tracker,
status13,3,2026-05-07,30363-2,1093,,,seeded from existing tracker,
status13,3,2026-05-07,30821-1,447,,,seeded from existing tracker,
status13,3,2026-05-07,30366-1,456,,,seeded from existing tracker,
status13,3,2026-05-07,13074-4,235,,,seeded from existing tracker,
status13,3,2026-05-07,8824-5,381,,,seeded from existing tracker,
status13,3,2026-05-07,20253-3,0,,,seeded from existing tracker,
status13,3,2026-05-07,30876-1,0,,,seeded from existing tracker,
status13,3,2026-05-07,30250-2,,,,seeded from existing tracker,
status13,3,2026-05-07,NOCODE-R16,0,,,seeded from existing tracker,
status13,4,2026-05-14,13262-2,138,,,seeded from existing tracker,
status13,4,2026-05-14,30590-2,58,,,seeded from existing tracker,
status13,4,2026-05-14,5911-33,837,,,seeded from existing tracker,
status13,4,2026-05-14,30363-2,1095,,,seeded from existing tracker,
status13,4,2026-05-14,30821-1,457,,,seeded from existing tracker,
status13,4,2026-05-14,30366-1,457,,,seeded from existing tracker,
status13,4,2026-05-14,13074-4,236,,,seeded from existing tracker,
status13,4,2026-05-14,8824-5,385,,,seeded from existing tracker,
status13,4,2026-05-14,20253-3,0,,,seeded from existing tracker,
status13,4,2026-05-14,30876-1,0,,,seeded from existing tracker,
status13,4,2026-05-14,30250-2,,,,seeded from existing tracker,
status13,4,2026-05-14,NOCODE-R16,0,,,seeded from existing tracker,
status13,5,2026-05-21,13262-2,170,,,seeded from existing tracker,
status13,5,2026-05-21,30590-2,61,,,seeded from existing tracker,
status13,5,2026-05-21,5911-33,854,,,seeded from existing tracker,
status13,5,2026-05-21,30363-2,1096,,,seeded from existing tracker,
status13,5,2026-05-21,30821-1,458,,,seeded from existing tracker,
status13,5,2026-05-21,30366-1,459,,,seeded from existing tracker,
status13,5,2026-05-21,13074-4,236,,,seeded from existing tracker,
status13,5,2026-05-21,8824-5,389,,,seeded from existing tracker,
status13,5,2026-05-21,20253-3,0,,,seeded from existing tracker,
status13,5,2026-05-21,30876-1,76,,,seeded from existing tracker,
status13,5,2026-05-21,30250-2,,,,seeded from existing tracker,
status13,5,2026-05-21,NOCODE-R16,0,,,seeded from existing tracker,
status13,6,2026-05-28,13262-2,191,,,seeded from existing tracker,
status13,6,2026-05-28,30590-2,67,,,seeded from existing tracker,
status13,6,2026-05-28,5911-33,874,,,seeded from existing tracker,
status13,6,2026-05-28,30363-2,1100,,,seeded from existing tracker,
status13,6,2026-05-28,30821-1,460,,,seeded from existing tracker,
status13,6,2026-05-28,30366-1,461,,,seeded from existing tracker,
status13,6,2026-05-28,13074-4,236,,,seeded from existing tracker,
status13,6,2026-05-28,8824-5,397,,,seeded from existing tracker,
status13,6,2026-05-28,20253-3,0,,,seeded from existing tracker,
status13,6,2026-05-28,30876-1,77,,,seeded from existing tracker,
status13,6,2026-05-28,30250-2,,,,seeded from existing tracker,
status13,6,2026-05-28,NOCODE-R16,0,,,seeded from existing tracker,
status13,7,2026-05-28,13262-2,213,,,seeded from existing tracker,
status13,7,2026-05-28,30590-2,67,,,seeded from existing tracker,
status13,7,2026-05-28,5911-33,878,,,seeded from existing tracker,
status13,7,2026-05-28,30363-2,1102,,,seeded from existing tracker,
status13,7,2026-05-28,30821-1,460,,,seeded from existing tracker,
status13,7,2026-05-28,30366-1,462,,,seeded from existing tracker,
status13,7,2026-05-28,13074-4,236,,,seeded from existing tracker,
status13,7,2026-05-28,8824-5,401,,,seeded from existing tracker,
status13,7,2026-05-28,20253-3,1086,,,seeded from existing tracker,
status13,7,2026-05-28,30876-1,76,,,seeded from existing tracker,
status13,7,2026-05-28,30250-2,,,,seeded from existing tracker,
status13,7,2026-05-28,NOCODE-R16,0,,,seeded from existing tracker,
status13,8,2026-06-11,13262-2,220,,,seeded from existing tracker,
status13,8,2026-06-11,30590-2,73,,,seeded from existing tracker,
status13,8,2026-06-11,5911-33,885,,,seeded from existing tracker,
status13,8,2026-06-11,30363-2,1106,,,seeded from existing tracker,
status13,8,2026-06-11,30821-1,462,,,seeded from existing tracker,
status13,8,2026-06-11,30366-1,463,,,seeded from existing tracker,
status13,8,2026-06-11,13074-4,236,,,seeded from existing tracker,
status13,8,2026-06-11,8824-5,412,,,seeded from existing tracker,
status13,8,2026-06-11,20253-3,1096,,,seeded from existing tracker,
status13,8,2026-06-11,30876-1,79,,,seeded from existing tracker,
status13,8,2026-06-11,30250-2,,,,seeded from existing tracker,
status13,8,2026-06-11,NOCODE-R16,0,,,seeded from existing tracker,
status13,9,2026-06-19,13262-2,231,,,seeded from existing tracker,
status13,9,2026-06-19,30590-2,74,,,seeded from existing tracker,
status13,9,2026-06-19,5911-33,892,,,seeded from existing tracker,
status13,9,2026-06-19,30363-2,1107,,,seeded from existing tracker,
status13,9,2026-06-19,30821-1,462,,,seeded from existing tracker,
status13,9,2026-06-19,30366-1,463,,,seeded from existing tracker,
status13,9,2026-06-19,13074-4,236,,,seeded from existing tracker,
status13,9,2026-06-19,8824-5,421,,,seeded from existing tracker,
status13,9,2026-06-19,20253-3,1100,,,seeded from existing tracker,
status13,9,2026-06-19,30876-1,82,,,seeded from existing tracker,
status13,9,2026-06-19,30250-2,,,,seeded from existing tracker,
status13,9,2026-06-19,NOCODE-R16,0,,,seeded from existing tracker,
status13,10,2026-06-25,13262-2,241,,,seeded from existing tracker,
status13,10,2026-06-25,30590-2,78,,,seeded from existing tracker,
status13,10,2026-06-25,5911-33,907,,,seeded from existing tracker,
status13,10,2026-06-25,30363-2,1109,,,seeded from existing tracker,
status13,10,2026-06-25,30821-1,463,,,seeded from existing tracker,
status13,10,2026-06-25,30366-1,464,,,seeded from existing tracker,
status13,10,2026-06-25,13074-4,236,,,seeded from existing tracker,
status13,10,2026-06-25,8824-5,433,,,seeded from existing tracker,
status13,10,2026-06-25,20253-3,1110,,,seeded from existing tracker,
status13,10,2026-06-25,30876-1,86,,,seeded from existing tracker,
status13,10,2026-06-25,30250-2,659,,,seeded from existing tracker,
status13,10,2026-06-25,NOCODE-R16,0,,,seeded from existing tracker,
status13,11,2026-07-02,13262-2,247,,,seeded from existing tracker,
status13,11,2026-07-02,30590-2,81,,,seeded from existing tracker,
status13,11,2026-07-02,5911-33,922,,,seeded from existing tracker,
status13,11,2026-07-02,30363-2,1111,,,seeded from existing tracker,
status13,11,2026-07-02,30821-1,464,,,seeded from existing tracker,
status13,11,2026-07-02,30366-1,464,,,seeded from existing tracker,
status13,11,2026-07-02,13074-4,236,,,seeded from existing tracker,
status13,11,2026-07-02,8824-5,460,,,seeded from existing tracker,
status13,11,2026-07-02,20253-3,1115,,,seeded from existing tracker,
status13,11,2026-07-02,30876-1,96,,,seeded from existing tracker,
status13,11,2026-07-02,30250-2,659,,,seeded from existing tracker,
status13,11,2026-07-02,NOCODE-R16,0,,,seeded from existing tracker,
status13,12,2026-07-16,13262-2,269,,,seeded from existing tracker,
status13,12,2026-07-16,30590-2,94,,,seeded from existing tracker,
status13,12,2026-07-16,5911-33,951,,,seeded from existing tracker,
status13,12,2026-07-16,30363-2,1116,,,seeded from existing tracker,
status13,12,2026-07-16,30821-1,472,,,seeded from existing tracker,
status13,12,2026-07-16,30366-1,465,,,seeded from existing tracker,
status13,12,2026-07-16,13074-4,234,,,seeded from existing tracker,
status13,12,2026-07-16,8824-5,544,,,seeded from existing tracker,
status13,12,2026-07-16,20253-3,1126,,,seeded from existing tracker,
status13,12,2026-07-16,30876-1,118,,,seeded from existing tracker,
status13,12,2026-07-16,30250-2,659,,,seeded from existing tracker,
status13,12,2026-07-16,NOCODE-R16,0,,,seeded from existing tracker,
status13,13,2026-07-24,13262-2,285,,,seeded from existing tracker,
status13,13,2026-07-24,30590-2,102,,,seeded from existing tracker,
status13,13,2026-07-24,5911-33,965,,,seeded from existing tracker,
status13,13,2026-07-24,30363-2,1117,,,seeded from existing tracker,
status13,13,2026-07-24,30821-1,475,,,seeded from existing tracker,
status13,13,2026-07-24,30366-1,465,,,seeded from existing tracker,
status13,13,2026-07-24,13074-4,234,,,seeded from existing tracker,
status13,13,2026-07-24,8824-5,573,,,seeded from existing tracker,
status13,13,2026-07-24,20253-3,1129,,,seeded from existing tracker,
status13,13,2026-07-24,30876-1,121,,,seeded from existing tracker,
status13,13,2026-07-24,30250-2,659,,,seeded from existing tracker,
status13,13,2026-07-24,NOCODE-R16,0,,,seeded from existing tracker,
status13,14,2026-07-31,13262-2,306,,,seeded from existing tracker,
status13,14,2026-07-31,30590-2,106,,,seeded from existing tracker,
status13,14,2026-07-31,5911-33,976,,,seeded from existing tracker,
status13,14,2026-07-31,30363-2,1117,,,seeded from existing tracker,
status13,14,2026-07-31,30821-1,485,,,seeded from existing tracker,
status13,14,2026-07-31,30366-1,465,,,seeded from existing tracker,
status13,14,2026-07-31,13074-4,234,,,seeded from existing tracker,
status13,14,2026-07-31,8824-5,591,,,seeded from existing tracker,
status13,14,2026-07-31,20253-3,1135,,,seeded from existing tracker,
status13,14,2026-07-31,30876-1,121,,,seeded from existing tracker,
status13,14,2026-07-31,30250-2,659,,,seeded from existing tracker,
status13,14,2026-07-31,NOCODE-R16,0,,,seeded from existing tracker,
status13,15,2026-08-07,13262-2,319,,,seeded from existing tracker,
status13,15,2026-08-07,30590-2,112,,,seeded from existing tracker,
status13,15,2026-08-07,5911-33,985,,,seeded from existing tracker,
status13,15,2026-08-07,30363-2,1119,,,seeded from existing tracker,
status13,15,2026-08-07,30821-1,491,,,seeded from existing tracker,
status13,15,2026-08-07,30366-1,465,,,seeded from existing tracker,
status13,15,2026-08-07,13074-4,235,,,seeded from existing tracker,
status13,15,2026-08-07,8824-5,608,,,seeded from existing tracker,
status13,15,2026-08-07,20253-3,1139,,,seeded from existing tracker,
status13,15,2026-08-07,30876-1,124,,,seeded from existing tracker,
status13,15,2026-08-07,30250-2,659,,,seeded from existing tracker,
status13,15,2026-08-07,NOCODE-R16,0,,,seeded from existing tracker,
johor,,2026-06-19,835-14,275,,,seeded from your report,"Latets sales - Block A: 187 units, Block B: 106 units"
johor,,2026-06-26,835-14,286,,,seeded from your report,"Latets sales - Block A: 187 units, Block B: 106 units"
johor,,2026-07-03,835-14,283,,,seeded from your report,"Latets sales - Block A: 187 units, Block B: 106 units"
johor,,2026-07-10,835-14,285,,,seeded from your report,"Latets sales - Block A: 187 units, Block B: 106 units"
johor,,2026-07-17,835-14,283,,,seeded from your report,"Latets sales - Block A: 187 units, Block B: 106 units"
johor,,2026-07-24,835-14,285,,,seeded from your report,"Latets sales - Block A: 187 units, Block B: 106 units"
johor,,2026-07-31,835-14,291,,,seeded from your report,"Latets sales - Block A: 187 units, Block B: 106 units"
johor,,2026-08-07,835-14,293,,,seeded from your report,"Latets sales - Block A: 187 units, Block B: 106 units"
johor,,2026-06-19,30946-1,842,,,seeded from your report,"Latest sales - Block A: 379 units, Block B: 363 units, Blok C: 86 units,  Block D: 107 units"
johor,,2026-06-26,30946-1,843,,,seeded from your report,"Latest sales - Block A: 379 units, Block B: 363 units, Blok C: 86 units,  Block D: 107 units"
johor,,2026-07-03,30946-1,853,,,seeded from your report,"Latest sales - Block A: 379 units, Block B: 363 units, Blok C: 86 units,  Block D: 107 units"
johor,,2026-07-10,30946-1,901,,,seeded from your report,"Latest sales - Block A: 379 units, Block B: 363 units, Blok C: 86 units,  Block D: 107 units"
johor,,2026-07-17,30946-1,905,,,seeded from your report,"Latest sales - Block A: 379 units, Block B: 363 units, Blok C: 86 units,  Block D: 107 units"
johor,,2026-07-24,30946-1,916,,,seeded from your report,"Latest sales - Block A: 379 units, Block B: 363 units, Blok C: 86 units,  Block D: 107 units"
johor,,2026-07-31,30946-1,925,,,seeded from your report,"Latest sales - Block A: 379 units, Block B: 363 units, Blok C: 86 units,  Block D: 107 units"
johor,,2026-08-07,30946-1,935,,,seeded from your report,"Latest sales - Block A: 379 units, Block B: 363 units, Blok C: 86 units,  Block D: 107 units"
johor,,2026-06-19,14523-4,34,,,seeded from your report,Open Sale for Block A (416 units) only.
johor,,2026-06-26,14523-4,38,,,seeded from your report,Open Sale for Block A (416 units) only.
johor,,2026-07-03,14523-4,39,,,seeded from your report,Open Sale for Block A (416 units) only.
johor,,2026-07-10,14523-4,42,,,seeded from your report,Open Sale for Block A (416 units) only.
johor,,2026-07-17,14523-4,45,,,seeded from your report,Open Sale for Block A (416 units) only.
johor,,2026-07-24,14523-4,46,,,seeded from your report,Open Sale for Block A (416 units) only.
johor,,2026-07-31,14523-4,48,,,seeded from your report,Open Sale for Block A (416 units) only.
johor,,2026-08-07,14523-4,47,,,seeded from your report,Open Sale for Block A (416 units) only.
johor,,2026-06-19,30635-1,1010,,,seeded from your report,"Latest sales - Phase 1: 666 units, Phase 2: 385 units"
johor,,2026-06-26,30635-1,1012,,,seeded from your report,"Latest sales - Phase 1: 666 units, Phase 2: 385 units"
johor,,2026-07-03,30635-1,1018,,,seeded from your report,"Latest sales - Phase 1: 666 units, Phase 2: 385 units"
johor,,2026-07-10,30635-1,1033,,,seeded from your report,"Latest sales - Phase 1: 666 units, Phase 2: 385 units"
johor,,2026-07-17,30635-1,1037,,,seeded from your report,"Latest sales - Phase 1: 666 units, Phase 2: 385 units"
johor,,2026-07-24,30635-1,1045,,,seeded from your report,"Latest sales - Phase 1: 666 units, Phase 2: 385 units"
johor,,2026-07-31,30635-1,1050,,,seeded from your report,"Latest sales - Phase 1: 666 units, Phase 2: 385 units"
johor,,2026-08-07,30635-1,1051,,,seeded from your report,"Latest sales - Phase 1: 666 units, Phase 2: 385 units"
johor,,2026-06-19,31007-1,843,,,seeded from your report,-
johor,,2026-06-26,31007-1,843,,,seeded from your report,-
johor,,2026-07-03,31007-1,843,,,seeded from your report,-
johor,,2026-07-10,31007-1,843,,,seeded from your report,-
johor,,2026-07-17,31007-1,843,,,seeded from your report,-
johor,,2026-07-24,31007-1,845,,,seeded from your report,-
johor,,2026-07-31,31007-1,845,,,seeded from your report,-
johor,,2026-08-07,31007-1,845,,,seeded from your report,-
johor,,2026-06-19,31100-1,1334,,,seeded from your report,"Open sale for Block A, B & D only. Block C (833 units) is not opened yet. Latest Sales - Block A: 439 units, Block B: 513 units, Block D: 454 units"
johor,,2026-06-26,31100-1,1341,,,seeded from your report,"Open sale for Block A, B & D only. Block C (833 units) is not opened yet. Latest Sales - Block A: 439 units, Block B: 513 units, Block D: 454 units"
johor,,2026-07-03,31100-1,1348,,,seeded from your report,"Open sale for Block A, B & D only. Block C (833 units) is not opened yet. Latest Sales - Block A: 439 units, Block B: 513 units, Block D: 454 units"
johor,,2026-07-10,31100-1,1364,,,seeded from your report,"Open sale for Block A, B & D only. Block C (833 units) is not opened yet. Latest Sales - Block A: 439 units, Block B: 513 units, Block D: 454 units"
johor,,2026-07-17,31100-1,1372,,,seeded from your report,"Open sale for Block A, B & D only. Block C (833 units) is not opened yet. Latest Sales - Block A: 439 units, Block B: 513 units, Block D: 454 units"
johor,,2026-07-24,31100-1,1391,,,seeded from your report,"Open sale for Block A, B & D only. Block C (833 units) is not opened yet. Latest Sales - Block A: 439 units, Block B: 513 units, Block D: 454 units"
johor,,2026-07-31,31100-1,1403,,,seeded from your report,"Open sale for Block A, B & D only. Block C (833 units) is not opened yet. Latest Sales - Block A: 439 units, Block B: 513 units, Block D: 454 units"
johor,,2026-08-07,31100-1,1406,,,seeded from your report,"Open sale for Block A, B & D only. Block C (833 units) is not opened yet. Latest Sales - Block A: 439 units, Block B: 513 units, Block D: 454 units"
johor,,2026-06-19,31074-1,936,,,seeded from your report,"Latest sale - Block A: 401 units, Block B: 365 units, Block C - 224 units"
johor,,2026-06-26,31074-1,943,,,seeded from your report,"Latest sale - Block A: 401 units, Block B: 365 units, Block C - 224 units"
johor,,2026-07-03,31074-1,949,,,seeded from your report,"Latest sale - Block A: 401 units, Block B: 365 units, Block C - 224 units"
johor,,2026-07-10,31074-1,963,,,seeded from your report,"Latest sale - Block A: 401 units, Block B: 365 units, Block C - 224 units"
johor,,2026-07-17,31074-1,968,,,seeded from your report,"Latest sale - Block A: 401 units, Block B: 365 units, Block C - 224 units"
johor,,2026-07-24,31074-1,976,,,seeded from your report,"Latest sale - Block A: 401 units, Block B: 365 units, Block C - 224 units"
johor,,2026-07-31,31074-1,989,,,seeded from your report,"Latest sale - Block A: 401 units, Block B: 365 units, Block C - 224 units"
johor,,2026-08-07,31074-1,990,,,seeded from your report,"Latest sale - Block A: 401 units, Block B: 365 units, Block C - 224 units"
johor,,2026-06-19,9600-6,610,,,seeded from your report,"Latest sale - Block A: 483 units, Block B: 241 units"
johor,,2026-06-26,9600-6,616,,,seeded from your report,"Latest sale - Block A: 483 units, Block B: 241 units"
johor,,2026-07-03,9600-6,637,,,seeded from your report,"Latest sale - Block A: 483 units, Block B: 241 units"
johor,,2026-07-10,9600-6,665,,,seeded from your report,"Latest sale - Block A: 483 units, Block B: 241 units"
johor,,2026-07-17,9600-6,676,,,seeded from your report,"Latest sale - Block A: 483 units, Block B: 241 units"
johor,,2026-07-24,9600-6,692,,,seeded from your report,"Latest sale - Block A: 483 units, Block B: 241 units"
johor,,2026-07-31,9600-6,714,,,seeded from your report,"Latest sale - Block A: 483 units, Block B: 241 units"
johor,,2026-08-07,9600-6,724,,,seeded from your report,"Latest sale - Block A: 483 units, Block B: 241 units"
johor,,2026-06-19,31031-1,1351,,,seeded from your report,"Latest sale - Block A: 723 units, Block B: 666 units"
johor,,2026-06-26,31031-1,1354,,,seeded from your report,"Latest sale - Block A: 723 units, Block B: 666 units"
johor,,2026-07-03,31031-1,1356,,,seeded from your report,"Latest sale - Block A: 723 units, Block B: 666 units"
johor,,2026-07-10,31031-1,1372,,,seeded from your report,"Latest sale - Block A: 723 units, Block B: 666 units"
johor,,2026-07-17,31031-1,1376,,,seeded from your report,"Latest sale - Block A: 723 units, Block B: 666 units"
johor,,2026-07-24,31031-1,1381,,,seeded from your report,"Latest sale - Block A: 723 units, Block B: 666 units"
johor,,2026-07-31,31031-1,1387,,,seeded from your report,"Latest sale - Block A: 723 units, Block B: 666 units"
johor,,2026-08-07,31031-1,1389,,,seeded from your report,"Latest sale - Block A: 723 units, Block B: 666 units"
johor,,2026-06-19,30828-3,873,,,seeded from your report,-
johor,,2026-06-26,30828-3,877,,,seeded from your report,-
johor,,2026-07-03,30828-3,881,,,seeded from your report,-
johor,,2026-07-10,30828-3,887,,,seeded from your report,-
johor,,2026-07-17,30828-3,888,,,seeded from your report,-
johor,,2026-07-24,30828-3,890,,,seeded from your report,-
johor,,2026-07-31,30828-3,898,,,seeded from your report,-
johor,,2026-08-07,30828-3,898,,,seeded from your report,-
johor,,2026-06-19,NOCODE-The Eclipse,0,,,seeded from your report,"*No info on Teduh, Not obtained AP."
johor,,2026-06-26,NOCODE-The Eclipse,0,,,seeded from your report,"*No info on Teduh, Not obtained AP."
johor,,2026-07-03,NOCODE-The Eclipse,0,,,seeded from your report,"*No info on Teduh, Not obtained AP."
johor,,2026-07-10,NOCODE-The Eclipse,0,,,seeded from your report,"*No info on Teduh, Not obtained AP."
johor,,2026-07-17,NOCODE-The Eclipse,0,,,seeded from your report,"*No info on Teduh, Not obtained AP."
johor,,2026-07-24,NOCODE-The Eclipse,0,,,seeded from your report,"*No info on Teduh, Not obtained AP."
johor,,2026-07-31,NOCODE-The Eclipse,0,,,seeded from your report,"*No info on Teduh, Not obtained AP."
johor,,2026-08-07,NOCODE-The Eclipse,0,,,seeded from your report,"*No info on Teduh, Not obtained AP."
johor,,2026-06-19,13531-2,684,,,seeded from your report,"Latest sale - Block A: 432 units, Block B: 278 units"
johor,,2026-06-26,13531-2,682,,,seeded from your report,"Latest sale - Block A: 432 units, Block B: 278 units"
johor,,2026-07-03,13531-2,685,,,seeded from your report,"Latest sale - Block A: 432 units, Block B: 278 units"
johor,,2026-07-10,13531-2,692,,,seeded from your report,"Latest sale - Block A: 432 units, Block B: 278 units"
johor,,2026-07-17,13531-2,698,,,seeded from your report,"Latest sale - Block A: 432 units, Block B: 278 units"
johor,,2026-07-24,13531-2,700,,,seeded from your report,"Latest sale - Block A: 432 units, Block B: 278 units"
johor,,2026-07-31,13531-2,707,,,seeded from your report,"Latest sale - Block A: 432 units, Block B: 278 units"
johor,,2026-08-07,13531-2,710,,,seeded from your report,"Latest sale - Block A: 432 units, Block B: 278 units"
johor,,2026-06-19,31034-1,358,,,seeded from your report,"Latest sale - Block A: 293 units, Block B: 89 units"
johor,,2026-06-26,31034-1,365,,,seeded from your report,"Latest sale - Block A: 293 units, Block B: 89 units"
johor,,2026-07-03,31034-1,365,,,seeded from your report,"Latest sale - Block A: 293 units, Block B: 89 units"
johor,,2026-07-10,31034-1,370,,,seeded from your report,"Latest sale - Block A: 293 units, Block B: 89 units"
johor,,2026-07-17,31034-1,370,,,seeded from your report,"Latest sale - Block A: 293 units, Block B: 89 units"
johor,,2026-07-24,31034-1,373,,,seeded from your report,"Latest sale - Block A: 293 units, Block B: 89 units"
johor,,2026-07-31,31034-1,380,,,seeded from your report,"Latest sale - Block A: 293 units, Block B: 89 units"
johor,,2026-08-07,31034-1,382,,,seeded from your report,"Latest sale - Block A: 293 units, Block B: 89 units"
johor,,2026-06-19,31149-1,249,,,seeded from your report,"Latest sale - Block A: 207 units, Block B: 77 units"
johor,,2026-06-26,31149-1,251,,,seeded from your report,"Latest sale - Block A: 207 units, Block B: 77 units"
johor,,2026-07-03,31149-1,251,,,seeded from your report,"Latest sale - Block A: 207 units, Block B: 77 units"
johor,,2026-07-10,31149-1,266,,,seeded from your report,"Latest sale - Block A: 207 units, Block B: 77 units"
johor,,2026-07-17,31149-1,270,,,seeded from your report,"Latest sale - Block A: 207 units, Block B: 77 units"
johor,,2026-07-24,31149-1,275,,,seeded from your report,"Latest sale - Block A: 207 units, Block B: 77 units"
johor,,2026-07-31,31149-1,281,,,seeded from your report (Calia corrected),"Latest sale - Block A: 207 units, Block B: 77 units"
johor,,2026-08-07,31149-1,284,,,seeded from your report (Calia corrected),"Latest sale - Block A: 207 units, Block B: 77 units"
seputeh,,2026-08-14,32-16,43,146,RESIDENSI EDEN,,"Latest sales - Block A: 2, Block B: 6, Block C: 3, Block D: 8, Block E: 2, Block F: 2, Block G: 6, Block H: 5"
seputeh,,2026-08-14,30216-1,33,154,PAVILION DAMANSARA HEIGHTS PHASE 2,,"Latest sales - Block RA/N: 28, Block RA/S: 2"
seputeh,,2026-08-14,30216-2,45,490,PAVILION DAMANSARA HEIGHTS PHASE 2,,"Latest sales - Block RC/N: 8, Block RC/S: 27"
seputeh,,2026-08-14,31078-1,45,48,VILA BATAI,,
seputeh,,2026-08-14,31274-1,1,244,AOSIS MONT KIARA,,
seputeh,,2026-08-14,2463-23,306,433,PARKCITY RESIDENCES,,
status13,,2026-08-14,31202-1,177,1310,RESIDENSI WARISAN SALAK SELATAN,,"Latest sales - Block A: 91, Block B: 75"
status13,,2026-08-14,13262-2,334,1544,RESIDENSI M AURORA,,"Latest sales - Block A: 36, Block B: 253"
status13,,2026-08-14,30590-2,119,996,ARTE STAR,,Latest sales - Block B: 105
status13,,2026-08-14,5911-33,996,1618,RESIDENSI M ASPIRA,,"Latest sales - Block A: 394, Block B: 434"
status13,,2026-08-14,30363-2,1125,1218,RESIDENSI DESA TIMUR,,"Latest sales - Block A: 125, Block B: 471, Block C: 290"
status13,,2026-08-14,30821-1,499,988,RESIDENSI RADIUM,,"Latest sales - Block A: 203, Block B: 207"
status13,,2026-08-14,30366-1,467,482,RESIDENSI AMBIEN,,Latest sales - Block A: 386
status13,,2026-08-14,13074-4,236,299,RESIDENSI HANA,,
status13,,2026-08-14,8824-5,618,1296,RESIDENSI SUNWAY COCHRANE,,"Latest sales - Block A: 147, Block B: 378"
status13,,2026-08-14,20253-3,1142,1500,RESIDENSI PLATINUM SAUJANA VIOLET 2 (PSV2),,"Latest sales - Block W: 481, Block X: 461"
status13,,2026-08-14,30876-1,125,551,RESIDENSI VERIDIAN,,Latest sales - Block A: 105
status13,,2026-08-14,30250-2,659,661,RESIDENSI AURUM,,"Latest sales - Block A: 263, Block B: 259"
johor,,2026-08-14,835-14,297,715,RESIDENSI DWI PESONA,,"Latest sales - Block A: 188, Block B: 109"
johor,,2026-08-14,30946-1,942,1950,RESIDENSI SENIBONG MUTIARA,,"Latest sales - Block A: 382, Block B: 367, Block C: 86, Block D: 107"
johor,,2026-08-14,14523-4,47,416,RESIDENSI PANORAMA SENIBONG,"unit count on TEDUH is 416, tracker says 1500",Latest sales - Block A: 47
johor,,2026-08-14,30635-1,1052,2156,RESIDENSI PARKLAND PERMAS,,"Latest sales - Block 1A: 326, Block 1B: 340, Block 2A: 212, Block 2B: 174"
johor,,2026-08-14,31007-1,845,848,RESIDENSI KEBUN TEH (THE ASTERIAZ @ KEBUN TEH),,
johor,,2026-08-14,31100-1,1417,4525,RESIDENSI DATARAN SELATAN (DOVER TOWER),"unit count on TEDUH is 4525, tracker says 3692","Latest sales - Block A: 446, Block B1: 231, Block B2: 284, Block D1: 168, Block D2: 288"
johor,,2026-08-14,31074-1,990,2743,RESIDENSI MAXIM PELANGI,,"Latest sales - Block A: 401, Block B: 365, Block C: 224"
johor,,2026-08-14,9600-6,731,1733,RESIDENSI ANGGUN MEWAH,,"Latest sales - Block A: 488, Block B: 243"
johor,,2026-08-14,31031-1,1391,1623,SKYLINE ONE SENTOSA,,"Latest sales - Block A: 725, Block B: 666"
johor,,2026-08-14,30828-3,902,996,RESIDENSI GEN SFERA,,
johor,,2026-08-14,13531-2,714,824,RESIDENSI AMBAR RIMBA,,"Latest sales - Block A: 432, Block B: 282"
johor,,2026-08-14,31034-1,385,1012,SOHO SUNWAY MAJESTIC,,"Latest sales - Block A: 294, Block B: 91"
johor,,2026-08-14,31149-1,291,1274,RESIDENSI DANGA PARAGON 1,,"Latest sales - Block A: 209, Block B: 82"
status13,,2026-08-14,31332-1,139,830,BINASTRA COCHRANE,baseline added 16 Aug 2026,
seputeh,,2026-08-21,32-16,43,146,RESIDENSI EDEN,,"Latest sales - Block A: 2, Block B: 6, Block C: 4, Block D: 10, Block E: 2, Block F: 2, Block G: 10, Block H: 7"
seputeh,,2026-08-21,30216-1,35,154,PAVILION DAMANSARA HEIGHTS PHASE 2,,"Latest sales - Block RA/N: 33, Block RA/S: 2"
seputeh,,2026-08-21,30216-2,48,490,PAVILION DAMANSARA HEIGHTS PHASE 2,,"Latest sales - Block RC/N: 12, Block RC/S: 36"
seputeh,,2026-08-21,31078-1,45,48,VILA BATAI,,
seputeh,,2026-08-21,31274-1,1,244,AOSIS MONT KIARA,,
seputeh,,2026-08-21,2463-23,335,433,PARKCITY RESIDENCES,,
status13,,2026-08-21,31202-1,183,1310,RESIDENSI WARISAN SALAK SELATAN,,"Latest sales - Block A: 100, Block B: 83"
status13,,2026-08-21,13262-2,344,1544,RESIDENSI M AURORA,,"Latest sales - Block A: 47, Block B: 297"
status13,,2026-08-21,30590-2,123,996,ARTE STAR,,Latest sales - Block B: 123
status13,,2026-08-21,5911-33,1003,1618,RESIDENSI M ASPIRA,,"Latest sales - Block A: 460, Block B: 543"
status13,,2026-08-21,30363-2,1125,1218,RESIDENSI DESA TIMUR,,"Latest sales - Block A: 181, Block B: 581, Block C: 362"
status13,,2026-08-21,30821-1,509,988,RESIDENSI RADIUM,,"Latest sales - Block A: 252, Block B: 257"
status13,,2026-08-21,30366-1,467,482,RESIDENSI AMBIEN,,Latest sales - Block A: 467
status13,,2026-08-21,13074-4,236,299,RESIDENSI HANA,,
status13,,2026-08-21,8824-5,626,1296,RESIDENSI SUNWAY COCHRANE,,"Latest sales - Block A: 174, Block B: 452"
status13,,2026-08-21,20253-3,1151,1500,RESIDENSI PLATINUM SAUJANA VIOLET 2 (PSV2),,"Latest sales - Block W: 595, Block X: 556"
status13,,2026-08-21,30876-1,127,551,RESIDENSI VERIDIAN,,Latest sales - Block A: 127
status13,,2026-08-21,30250-2,659,661,RESIDENSI AURUM,,"Latest sales - Block A: 333, Block B: 326"
status13,,2026-08-21,31332-1,191,830,BINASTRA COCHRANE,,"Latest sales - Block A: 124, Block B: 67"
johor,,2026-08-21,835-14,302,715,RESIDENSI DWI PESONA,,"Latest sales - Block A: 189, Block B: 113"
johor,,2026-08-21,30946-1,954,1950,RESIDENSI SENIBONG MUTIARA,,"Latest sales - Block A: 389, Block B: 371, Block C: 86, Block D: 108"
johor,,2026-08-21,14523-4,48,416,RESIDENSI PANORAMA SENIBONG,"unit count on TEDUH is 416, tracker says 1500",Latest sales - Block A: 48
johor,,2026-08-21,30635-1,1058,2156,RESIDENSI PARKLAND PERMAS,,"Latest sales - Block 1A: 327, Block 1B: 340, Block 2A: 215, Block 2B: 176"
johor,,2026-08-21,31007-1,845,848,RESIDENSI KEBUN TEH (THE ASTERIAZ @ KEBUN TEH),,
johor,,2026-08-21,31100-1,1421,4525,RESIDENSI DATARAN SELATAN (DOVER TOWER),"unit count on TEDUH is 4525, tracker says 3692","Latest sales - Block A: 449, Block B1: 231, Block B2: 285, Block D1: 168, Block D2: 288"
johor,,2026-08-21,31074-1,1001,2743,RESIDENSI MAXIM PELANGI,,"Latest sales - Block A: 403, Block B: 369, Block C: 229"
johor,,2026-08-21,9600-6,741,1733,RESIDENSI ANGGUN MEWAH,,"Latest sales - Block A: 494, Block B: 247"
johor,,2026-08-21,31031-1,1394,1623,SKYLINE ONE SENTOSA,,"Latest sales - Block A: 727, Block B: 667"
johor,,2026-08-21,30828-3,906,996,RESIDENSI GEN SFERA,,
johor,,2026-08-21,13531-2,720,824,RESIDENSI AMBAR RIMBA,,"Latest sales - Block A: 436, Block B: 284"
johor,,2026-08-21,31034-1,390,1012,SOHO SUNWAY MAJESTIC,,"Latest sales - Block A: 297, Block B: 93"
johor,,2026-08-21,31149-1,296,1274,RESIDENSI DANGA PARAGON 1,,"Latest sales - Block A: 212, Block B: 84"
ukay,,2026-08-21,9500-8,95,306,RESIDENSI DAMAI,baseline added 26 Aug 2026,
ukay,,2026-08-21,20140-2,343,737,BAYU CERIA,baseline added 26 Aug 2026,
ukay,,2026-08-21,NOCODE-Ukay Spring,,142,,baseline added 26 Aug 2026,
ukay,,2026-08-21,NOCODE-Chin Hin Ulu Kelang,,1449,,baseline added 26 Aug 2026,
ukay,,2026-08-21,11519-3,343,344,LEA BY THE HILLS,baseline added 26 Aug 2026,
ukay,,2026-08-21,597-13,228,234,RESIDENSI LAMAN SATU MELAWATI,baseline added 26 Aug 2026,
ukay,,2026-08-21,10296-3,273,310,SIERRA HIJAUAN,baseline added 26 Aug 2026,
ukay,,2026-08-21,12369-1,32,51,EMBUN,baseline added 26 Aug 2026,
ukay,,2026-08-21,12166-1,74,118,KETAPANG REALTY SDN BHD,baseline added 26 Aug 2026,
ukay,,2026-08-21,9500-7,222,222,19TREES,baseline added 26 Aug 2026,
ukay,,2026-08-21,9500-2,0,201,"LOT 501, 502 & 503",baseline added 26 Aug 2026,
ukay,,2026-08-21,11078-3,197,296,NADAYU63 @ MELAWATI,baseline added 26 Aug 2026,
ukay,,2026-08-21,12123-1,81,117,MITRALAND MELAWATI SDN BHD ,baseline added 26 Aug 2026,
ukay,,2026-08-21,20140-1,456,463,TRINITY WELLNESSA,baseline added 26 Aug 2026,
ukay,,2026-08-21,12437-2,104,106,NASSIM HEIGHTS,baseline added 26 Aug 2026,
ukay,,2026-08-21,11602-1,11,15,STRONG HERITAGE SDN. BHD.,baseline added 26 Aug 2026,
ukay,,2026-08-21,NOCODE-Villaria,,,,baseline added 26 Aug 2026,
seputeh,,2026-08-21,30141-2,0,495,RESIDENSI MAHLIGAI ALAM INDAH (MAIA),baseline added 27 Aug 2026,
seputeh,,2026-08-28,32-16,43,146,RESIDENSI EDEN,,"Latest sales - Block A: 2 units, Block B: 6 units, Block C: 4 units, Block D: 10 units, Block E: 2 units, Block F: 2 units, Block G: 10 units, Block H: 7 units"
seputeh,,2026-08-28,30216-1,36,154,PAVILION DAMANSARA HEIGHTS PHASE 2,,"Latest sales - Block RA/N: 34 units, Block RA/S: 2 units"
seputeh,,2026-08-28,30216-2,49,490,PAVILION DAMANSARA HEIGHTS PHASE 2,,"Latest sales - Block RC/N: 13 units, Block RC/S: 36 units"
seputeh,,2026-08-28,31078-1,45,48,VILA BATAI,,
seputeh,,2026-08-28,31274-1,1,244,AOSIS MONT KIARA,,
seputeh,,2026-08-28,2463-23,349,433,PARKCITY RESIDENCES,,
status13,,2026-08-28,31202-1,188,1310,RESIDENSI WARISAN SALAK SELATAN,,"Latest sales - Block A: 102 units, Block B: 86 units"
status13,,2026-08-28,13262-2,355,1544,RESIDENSI M AURORA,,"Latest sales - Block A: 51 units, Block B: 304 units"
status13,,2026-08-28,30590-2,128,996,ARTE STAR,,Latest sales - Block B: 128 units
status13,,2026-08-28,5911-33,1009,1618,RESIDENSI M ASPIRA,,"Latest sales - Block A: 460 units, Block B: 549 units"
status13,,2026-08-28,30363-2,1126,1218,RESIDENSI DESA TIMUR,,"Latest sales - Block A: 181 units, Block B: 582 units, Block C: 362 units"
status13,,2026-08-28,30821-1,519,988,RESIDENSI RADIUM,,"Latest sales - Block A: 259 units, Block B: 260 units"
status13,,2026-08-28,30366-1,467,482,RESIDENSI AMBIEN,,Latest sales - Block A: 467 units
status13,,2026-08-28,13074-4,237,299,RESIDENSI HANA,,
status13,,2026-08-28,8824-5,647,1296,RESIDENSI SUNWAY COCHRANE,,"Latest sales - Block A: 189 units, Block B: 458 units"
status13,,2026-08-28,20253-3,1157,1500,RESIDENSI PLATINUM SAUJANA VIOLET 2 (PSV2),,"Latest sales - Block W: 598 units, Block X: 559 units"
status13,,2026-08-28,30876-1,134,551,RESIDENSI VERIDIAN,,Latest sales - Block A: 134 units
status13,,2026-08-28,30250-2,659,661,RESIDENSI AURUM,,"Latest sales - Block A: 333 units, Block B: 326 units"
status13,,2026-08-28,31332-1,260,830,BINASTRA COCHRANE,,"Latest sales - Block A: 169 units, Block B: 91 units"
johor,,2026-08-28,835-14,307,715,RESIDENSI DWI PESONA,,"Latest sales - Block A: 191 units, Block B: 116 units"
johor,,2026-08-28,30946-1,972,1950,RESIDENSI SENIBONG MUTIARA,,"Latest sales - Block A: 400 units, Block B: 376 units, Block C: 87 units, Block D: 109 units"
johor,,2026-08-28,14523-4,49,416,RESIDENSI PANORAMA SENIBONG,"unit count on TEDUH is 416, tracker says 1500",Latest sales - Block A: 49 units
johor,,2026-08-28,30635-1,1062,2156,RESIDENSI PARKLAND PERMAS,,"Latest sales - Phase 1: 667 units, Phase 2: 395 units"
johor,,2026-08-28,31007-1,845,848,RESIDENSI KEBUN TEH (THE ASTERIAZ @ KEBUN TEH),,
johor,,2026-08-28,31100-1,1497,4525,RESIDENSI DATARAN SELATAN (DOVER TOWER),"unit count on TEDUH is 4525, tracker says 3692","Latest sales - Block A: 493 units, Block B: 531 units, Block D: 473 units"
johor,,2026-08-28,31074-1,1006,2743,RESIDENSI MAXIM PELANGI,,"Latest sales - Block A: 403 units, Block B: 369 units, Block C: 234 units"
johor,,2026-08-28,9600-6,756,1733,RESIDENSI ANGGUN MEWAH,,"Latest sales - Block A: 499 units, Block B: 257 units"
johor,,2026-08-28,31031-1,1396,1623,SKYLINE ONE SENTOSA,,"Latest sales - Block A: 728 units, Block B: 668 units"
johor,,2026-08-28,30828-3,908,996,RESIDENSI GEN SFERA,,
johor,,2026-08-28,13531-2,725,824,RESIDENSI AMBAR RIMBA,,"Latest sales - Block A: 439 units, Block B: 286 units"
johor,,2026-08-28,31034-1,390,1012,SOHO SUNWAY MAJESTIC,,"Latest sales - Block A: 297 units, Block B: 93 units"
johor,,2026-08-28,31149-1,306,1274,RESIDENSI DANGA PARAGON 1,,"Latest sales - Block A: 215 units, Block B: 91 units"
ukay,,2026-08-28,9500-8,94,306,RESIDENSI DAMAI,,"Latest sales - Block A: 54 units, Block B: 40 units"
ukay,,2026-08-28,20140-2,347,737,BAYU CERIA,,"Latest sales - Block A1: 45 units, Block A2: 202 units, Block B: 100 units"
ukay,,2026-08-28,11519-3,343,344,LEA BY THE HILLS,,Latest sales - Block L: 343 units
ukay,,2026-08-28,597-13,228,234,RESIDENSI LAMAN SATU MELAWATI,,
ukay,,2026-08-28,10296-3,273,273,SIERRA HIJAUAN,"unit count on TEDUH is 273, tracker says 310",
ukay,,2026-08-28,12369-1,32,32,EMBUN,"unit count on TEDUH is 32, tracker says 51",
ukay,,2026-08-28,12166-1,74,74,KETAPANG REALTY SDN BHD,"unit count on TEDUH is 74, tracker says 118",
ukay,,2026-08-28,9500-7,222,222,19TREES,,
ukay,,2026-08-28,9500-2,0,0,"LOT 501, 502 & 503","unit count on TEDUH is 0, tracker says 201",
ukay,,2026-08-28,11078-3,197,296,NADAYU63 @ MELAWATI,,Latest sales - Block B: 197 units
ukay,,2026-08-28,12123-1,81,81,MITRALAND MELAWATI SDN BHD ,"unit count on TEDUH is 81, tracker says 117",
ukay,,2026-08-28,20140-1,456,463,TRINITY WELLNESSA,,"Latest sales - Block A1: 223 units, Block A2: 233 units"
ukay,,2026-08-28,12437-2,104,106,NASSIM HEIGHTS,,
ukay,,2026-08-28,11602-1,11,11,STRONG HERITAGE SDN. BHD.,"unit count on TEDUH is 11, tracker says 15",
seputeh,,2026-08-28,30141-2,1,495,RESIDENSI MAHLIGAI ALAM INDAH (MAIA),,Latest sales - Block B: 1 units
seputeh,,2026-09-04,32-16,43,146,RESIDENSI EDEN,,"Latest sales - Block A: 2 units, Block B: 6 units, Block C: 4 units, Block D: 10 units, Block E: 2 units, Block F: 2 units, Block G: 10 units, Block H: 7 units"
seputeh,,2026-09-04,30216-1,36,154,PAVILION DAMANSARA HEIGHTS PHASE 2,,"Latest sales - Block RA/N: 34 units, Block RA/S: 2 units"
seputeh,,2026-09-04,30216-2,51,490,PAVILION DAMANSARA HEIGHTS PHASE 2,,"Latest sales - Block RC/N: 14 units, Block RC/S: 37 units"
seputeh,,2026-09-04,31078-1,45,48,VILA BATAI,,
seputeh,,2026-09-04,31274-1,1,244,AOSIS MONT KIARA,,
seputeh,,2026-09-04,2463-23,353,433,PARKCITY RESIDENCES,,
status13,,2026-09-04,31202-1,192,1310,RESIDENSI WARISAN SALAK SELATAN,,"Latest sales - Block A: 104 units, Block B: 88 units"
status13,,2026-09-04,13262-2,365,1544,RESIDENSI M AURORA,,"Latest sales - Block A: 57 units, Block B: 308 units"
status13,,2026-09-04,30590-2,131,996,ARTE STAR,,Latest sales - Block B: 131 units
status13,,2026-09-04,5911-33,1013,1618,RESIDENSI M ASPIRA,,"Latest sales - Block A: 462 units, Block B: 551 units"
status13,,2026-09-04,30363-2,1128,1218,RESIDENSI DESA TIMUR,,"Latest sales - Block A: 182 units, Block B: 583 units, Block C: 362 units"
status13,,2026-09-04,30821-1,521,988,RESIDENSI RADIUM,,"Latest sales - Block A: 261 units, Block B: 260 units"
status13,,2026-09-04,30366-1,469,482,RESIDENSI AMBIEN,,Latest sales - Block A: 469 units
status13,,2026-09-04,13074-4,238,299,RESIDENSI HANA,,
status13,,2026-09-04,8824-5,653,1296,RESIDENSI SUNWAY COCHRANE,,"Latest sales - Block A: 193 units, Block B: 460 units"
status13,,2026-09-04,20253-3,1163,1500,RESIDENSI PLATINUM SAUJANA VIOLET 2 (PSV2),,"Latest sales - Block W: 600 units, Block X: 563 units"
status13,,2026-09-04,30876-1,138,551,RESIDENSI VERIDIAN,,Latest sales - Block A: 138 units
status13,,2026-09-04,30250-2,659,661,RESIDENSI AURUM,,"Latest sales - Block A: 333 units, Block B: 326 units"
status13,,2026-09-04,31332-1,303,830,BINASTRA COCHRANE,,"Latest sales - Block A: 189 units, Block B: 114 units"
johor,,2026-09-04,835-14,310,715,RESIDENSI DWI PESONA,,"Latest sales - Block A: 193 units, Block B: 117 units"
johor,,2026-09-04,30946-1,975,1950,RESIDENSI SENIBONG MUTIARA,,"Latest sales - Block A: 400 units, Block B: 377 units, Block C: 89 units, Block D: 109 units"
johor,,2026-09-04,14523-4,52,416,RESIDENSI PANORAMA SENIBONG,"unit count on TEDUH is 416, tracker says 1500",Latest sales - Block A: 52 units
johor,,2026-09-04,30635-1,1068,2156,RESIDENSI PARKLAND PERMAS,,"Latest sales - Phase 1: 668 units, Phase 2: 400 units"
johor,,2026-09-04,31007-1,845,848,RESIDENSI KEBUN TEH (THE ASTERIAZ @ KEBUN TEH),,
johor,,2026-09-04,31100-1,1503,4525,RESIDENSI DATARAN SELATAN (DOVER TOWER),,"Latest sales - Block A: 497 units, Block B: 531 units, Block D: 475 units"
johor,,2026-09-04,31074-1,1011,2743,RESIDENSI MAXIM PELANGI,,"Latest sales - Block A: 403 units, Block B: 371 units, Block C: 237 units"
johor,,2026-09-04,9600-6,762,1733,RESIDENSI ANGGUN MEWAH,,"Latest sales - Block A: 501 units, Block B: 261 units"
johor,,2026-09-04,31031-1,1400,1623,SKYLINE ONE SENTOSA,,"Latest sales - Block A: 728 units, Block B: 672 units"
johor,,2026-09-04,30828-3,908,996,RESIDENSI GEN SFERA,,
johor,,2026-09-04,13531-2,727,824,RESIDENSI AMBAR RIMBA,,"Latest sales - Block A: 440 units, Block B: 287 units"
johor,,2026-09-04,31034-1,393,1012,SOHO SUNWAY MAJESTIC,,"Latest sales - Block A: 297 units, Block B: 96 units"
johor,,2026-09-04,31149-1,314,1274,RESIDENSI DANGA PARAGON 1,,"Latest sales - Block A: 219 units, Block B: 95 units"
ukay,,2026-09-04,9500-8,93,306,RESIDENSI DAMAI,,"Latest sales - Block A: 53 units, Block B: 40 units"
ukay,,2026-09-04,20140-2,348,737,BAYU CERIA,,"Latest sales - Block A1: 45 units, Block A2: 203 units, Block B: 100 units"
ukay,,2026-09-04,11519-3,343,344,LEA BY THE HILLS,,Latest sales - Block L: 343 units
ukay,,2026-09-04,597-13,228,234,RESIDENSI LAMAN SATU MELAWATI,,
ukay,,2026-09-04,10296-3,273,273,SIERRA HIJAUAN,"unit count on TEDUH is 273, tracker says 310",
ukay,,2026-09-04,12369-1,32,32,EMBUN,"unit count on TEDUH is 32, tracker says 51",
ukay,,2026-09-04,12166-1,74,74,KETAPANG REALTY SDN BHD,"unit count on TEDUH is 74, tracker says 118",
ukay,,2026-09-04,9500-7,222,222,19TREES,,
ukay,,2026-09-04,9500-2,0,0,"LOT 501, 502 & 503","unit count on TEDUH is 0, tracker says 201",
ukay,,2026-09-04,11078-3,197,296,NADAYU63 @ MELAWATI,,Latest sales - Block B: 197 units
ukay,,2026-09-04,12123-1,81,81,MITRALAND MELAWATI SDN BHD ,"unit count on TEDUH is 81, tracker says 117",
ukay,,2026-09-04,20140-1,456,463,TRINITY WELLNESSA,,"Latest sales - Block A1: 223 units, Block A2: 233 units"
ukay,,2026-09-04,12437-2,104,106,NASSIM HEIGHTS,,
ukay,,2026-09-04,11602-1,11,11,STRONG HERITAGE SDN. BHD.,"unit count on TEDUH is 11, tracker says 15",
seputeh,,2026-09-04,30141-2,8,495,RESIDENSI MAHLIGAI ALAM INDAH (MAIA),,"Latest sales - Block A: 3 units, Block B: 5 units"
armani,,2026-09-04,31112-1,58,186,RESIDENSI ALDERWOOD,,
armani,,2026-09-04,30135-3,72,328,RESIDENSI ARMANI,,
armani,,2026-09-04,30705-2,2,44,HARMONI INDAH,,
armani,,2026-09-04,30273-1,112,232,RESIDENSI ARMANI CAMERON,,
armani,,2026-09-04,30256-2,1006,2215,RESIDENSI ARMANI HALLSON KLCC,,"Latest sales - Block A: 400 units, Block B: 361 units, Block C: 245 units"
armani,,2026-09-04,6820-8,277,306,RESIDENSI ARMANI KEPONG,,
armani,,2026-09-04,30727-1,573,648,RESIDENSI ARMANI SETIA ALAM 1,,"Latest sales - Block A: 92 units, Block B: 481 units"
armani,,2026-09-04,30727-2,284,998,RESIDENSI ARMANI SETIA ALAM 2,,"Latest sales - Block A: 62 units, Block B: 222 units"
armani,,2026-09-04,30339-1,331,338,RESIDENSI ALAM ARMANI,,
armani,,2026-09-04,13975-5,266,315,RESIDENSI ARMANI,,"Latest sales - Block 1: 85 units, Block 2: 82 units, Block 3: 99 units"
armani,,2026-09-04,30641-1,647,653,RESIDENSI LOFTHILL,,
armani,,2026-09-04,13975-6,384,387,RESIDENSI ARMANI KG BARU 1,,
armani,,2026-09-04,30799-1,29,984,RESIDENSI ARMANI PUTRA,,"Latest sales - Block A: 13 units, Block B: 16 units"
armani,,2026-09-04,30393-1,0,30,TAMAN BUKIT TUALANG,,
armani,,2026-09-04,30135-2,96,280,MENARA ARMANI PRESTIJ,,
armani,,2026-09-04,13970-3,81,116,TAMAN PMINT TEBING TEMBAH 2,,
avaland,,2026-09-04,30624-1,125,126,RESIDENSI AETAS SEPUTEH,,"Latest sales - Block A: 70 units, Block B: 55 units"
avaland,,2026-09-04,30162-1,425,770,RESIDENSI ALORA,,"Latest sales - Block A: 317 units, Block B: 108 units"
avaland,,2026-09-04,20185-3,457,468,RESIDENSI AMIKA,,"Latest sales - Block A: 216 units, Block B: 241 units"
avaland,,2026-09-04,9490-3,275,900,RESIDENSI ANJA,,Latest sales - Block A: 275 units
avaland,,2026-09-04,30240-3,180,343,AVALON CYBERSOUTH,,
avaland,,2026-09-04,12047-4,232,606,LAKEFRONT RESIDENCE,,"Latest sales - Block T7: 97 units, Block T8: 135 units"
avaland,,2026-09-04,20017-1,221,226,RESIDENSI AETAS DAMANSARA,,"Latest sales - Block A: 144 units, Block B: 77 units"
binastra,,2026-09-04,31332-1,303,830,BINASTRA COCHRANE,,"Latest sales - Block A: 189 units, Block B: 114 units"
chinhin,,2026-09-04,13531-2,727,824,RESIDENSI AMBAR RIMBA,,"Latest sales - Block A: 440 units, Block B: 287 units"
chinhin,,2026-09-04,30632-1,603,787,RESIDENSI ARIS,,"Latest sales - Block A: 299 units, Block B: 304 units"
chinhin,,2026-09-04,30190-1,809,842,RESIDENSI AVANTRO,,"Latest sales - Block A: 335 units, Block B: 474 units"
chinhin,,2026-09-04,30382-1,761,824,RESIDENSI AYANNA,,"Latest sales - Block A: 322 units, Block B: 439 units"
chinhin,,2026-09-04,30744-1,482,588,THE CROWN,,
chinhin,,2026-09-04,31096-1,275,1033,DIVINE KLCC,,
chinhin,,2026-09-04,30064-1,678,684,SIMFONI RESIDENSI,,"Latest sales - Block A: 313 units, Block B: 365 units"
chinhin,,2026-09-04,30382-3,822,823,RESIDENSI ANDALAN,,Latest sales - Block A: 822 units
chinhin,,2026-09-04,30907-1,221,231,BUKIT BOTANIKA,,
chinhin,,2026-09-04,30629-2,477,492,MENARA SENJA,,
exsim,,2026-09-04,30784-1,268,269,BRANNIGANZ SUITES @ BUKIT BINTANG,,Latest sales - Block B: 268 units
exsim,,2026-09-04,20011-3,593,593,DATARAN SENTRAL (D'CLOVER RESIDENCES),,Latest sales - Block A: 593 units
exsim,,2026-09-04,20011-2,767,767,DATARAN SENTRAL (D'TERRA RESIDENCES),,Latest sales - Block B: 767 units
exsim,,2026-09-04,20011-4,664,671,DATARAN SENTRAL (D'TESSERA RESIDENCES),,Latest sales - Block C: 664 units
exsim,,2026-09-04,13666-2,98,98,MENARA SUTERA INDAH (HANAZ SUITES @ KL CITY CENTRE),,
exsim,,2026-09-04,30370-1,319,320,MENARA SUTERA RIA (HUGOZ SUITES @ KL CITY CENTRE),,
exsim,,2026-09-04,30789-1,126,126,KYLIEZ SUITES @ KL CITY CENTRE,,
exsim,,2026-09-04,30571-1,602,603,NOORDINZ SUITES @ GEORGE TOWN,,
exsim,,2026-09-04,30914-1,625,759,MENARA KUBAH (QUBAZ SUITES @ KUALA TERENGGANU),,
exsim,,2026-09-04,30830-1,317,456,SEA CRESTZ @ KUANTAN WATERFRONT RESORT CITY,,
exsim,,2026-09-04,20011-5,181,662,RESIDENSI DAMAI MEKAR (THE ALDENZ),,
exsim,,2026-09-04,31007-1,845,848,RESIDENSI KEBUN TEH (THE ASTERIAZ @ KEBUN TEH),,
exsim,,2026-09-04,20084-1,339,679,THE FIDDLEWOODZ @ KL METROPOLIS,,"Latest sales - Block A: 312 units, Block B: 27 units"
exsim,,2026-09-04,30741-1,1552,1558,THE KINGSWOODZ @ BUKIT JALIL,,"Latest sales - Block A: 457 units, Block B: 505 units, Block C: 590 units"
exsim,,2026-09-04,31088-1,553,671,THE LIGHTHAUZ,,
exsim,,2026-09-04,30741-2,438,1004,RESIDENSI MAHKOTA BUKIT JALIL,,"Latest sales - Block A: 193 units, Block B: 245 units"
exsim,,2026-09-04,30357-2,658,1138,RESIDENSI SERI LESTARI (THE VIVIDZ @ BUKIT JALIL),,"Latest sales - Block A: 358 units, Block B: 300 units"
exsim,,2026-09-04,30357-1,507,508,RESIDENSI SEJAHTERA DAMAI (VELADAZ RESIDENCES @ BUKIT JALIL),,
exsim,,2026-09-04,31100-1,1503,4525,RESIDENSI DATARAN SELATAN (DOVER TOWER),,"Latest sales - Block A: 497 units, Block B: 531 units, Block D: 475 units"
exsim,,2026-09-04,30131-1,424,424,RESIDENSI LAGENDA IPOH,,
mahsing,,2026-09-04,14297-25,158,235,MERIDIN EAST PARCEL 4A5,,
mahsing,,2026-09-04,12324-1,377,377,FERRINGHI RESIDENCE ,"unit count on TEDUH is 377, tracker says 678","Latest sales - Ferringhi Residence 1: 172 units, Ferringhi Residence 2: 205 units"
mahsing,,2026-09-04,14297-24,144,168,MERIDIN EAST JASMINE 2,,
mahsing,,2026-09-04,12029-4,73,833,M AMAYA,,
mahsing,,2026-09-04,31251-1,50,606,RESIDENSI M ARIA,,
mahsing,,2026-09-04,5911-33,1013,1618,RESIDENSI M ASPIRA,,"Latest sales - Block A: 462 units, Block B: 551 units"
mahsing,,2026-09-04,13262-2,365,1544,RESIDENSI M AURORA,,"Latest sales - Block A: 57 units, Block B: 308 units"
mahsing,,2026-09-04,30834-1,796,1140,RESIDENSI M AZURA,,"Latest sales - Block A: 424 units, Block B: 372 units"
mahsing,,2026-09-04,30897-1,652,817,M LEGASI,,
mahsing,,2026-09-04,11202-4,1873,2080,RESIDENSI M NOVA,,"Latest sales - Block A: 614 units, Block B: 611 units, Block C: 648 units"
mahsing,,2026-09-04,11998-4,396,396,PANORA,,
mahsing,,2026-09-04,13425-8,394,999,M SINAR,,Latest sales - Block A: 394 units
mahsing,,2026-09-04,30805-1,581,999,RESIDENSI M TERRA,,
mahsing,,2026-09-04,10279-5,652,754,TAMAN TIARA INDAH (M TIARA),,
mahsing,,2026-09-04,12029-3,232,494,M ZENNI,,
mahsing,,2026-09-04,11430-2,618,619,RESIDENSI M ZENYA,,Latest sales - Block A: 618 units
mahsing,,2026-09-04,9600-6,762,1733,RESIDENSI ANGGUN MEWAH,,"Latest sales - Block A: 501 units, Block B: 261 units"
mahsing,,2026-09-04,30440-1,1474,1526,RESIDENSI ANGGUN,,"Latest sales - Block A: 416 units, Block B: 578 units, Block C: 480 units"
majesticgen,,2026-09-04,30828-2,731,732,RESIDENSI GEN,,
majesticgen,,2026-09-04,30828-3,908,996,RESIDENSI GEN SFERA,,
majesticgen,,2026-09-04,30828-1,355,360,RESIDENSI GEN BINTANG,,
majesticgen,,2026-09-04,30244-1,478,478,RESIDENSI MAJESTIC,,
majesticgen,,2026-09-04,30990-1,98,106,TAMAN YU,,
majesticgen,,2026-09-04,31034-1,393,1012,SOHO SUNWAY MAJESTIC,,"Latest sales - Block A: 297 units, Block B: 96 units"
majesticgen,,2026-09-04,30989-1,73,73,TAMAN SUNGAI DUA UTAMA,,
majesticgen,,2026-09-04,12069-7,0,140,RESIDENSI FLORA,,
malton,,2026-09-04,31139-1,349,562,MUTIARA KEMPAS,,
malton,,2026-09-04,8950-4,13,526,PANGSAPURI MUTIARA TASIK,,"Latest sales - Block N: 7 units, Block S: 6 units"
malton,,2026-09-04,30667-1,393,453,PAVILION BUKIT JALIL,,"Latest sales - Block A: 170 units, Block B: 223 units"
malton,,2026-09-04,14035-6,329,336,RESIDENSI KERINCHI RIA,,
malton,,2026-09-04,14035-4,981,1332,RESIDENSI TAMAN HILIR,,"Latest sales - Block A: 355 units, Block B: 334 units, Block C: 292 units"
maxim,,2026-09-04,30267-1,604,604,RESIDENSI MAX II,,"Latest sales - Block A: 302 units, Block B: 302 units"
maxim,,2026-09-04,31046-1,325,1116,RESIDENSI MAXIM D'PARC,,"Latest sales - Block A: 111 units, Block B: 214 units"
maxim,,2026-09-04,31074-1,1011,2743,RESIDENSI MAXIM PELANGI,,"Latest sales - Block A: 403 units, Block B: 371 units, Block C: 237 units"
maxim,,2026-09-04,30037-1,1236,1236,RESIDENSI MAXIM RISEN,,"Latest sales - Block A: 629 units, Block B: 607 units"
maxim,,2026-09-04,19088-3,523,624,RESIDENSI THE ATAS,,"Latest sales - Block A: 178 units, Block B: 164 units, Block C: 181 units"
platinumvictory,,2026-09-04,30581-1,1672,1688,RESIDENSI MH PLATINUM 3,,"Latest sales - Block A: 862 units, Block B: 810 units"
platinumvictory,,2026-09-04,9832-11,1206,2082,RESIDENSI PV 22,,"Latest sales - Block A: 469 units, Block B: 737 units"
platinumvictory,,2026-09-04,31008-1,524,794,RESIDENSI PLATINUM MELATI,,"Latest sales - Block A: 129 units, Block B: 163 units, Block C: 232 units"
platinumvictory,,2026-09-04,20253-2,467,500,RESIDENSI PLATINUM SAUJANA VISTA 1,,
platinumvictory,,2026-09-04,20253-3,1163,1500,RESIDENSI PLATINUM SAUJANA VIOLET 2 (PSV2),,"Latest sales - Block W: 600 units, Block X: 563 units"
platinumvictory,,2026-09-04,30937-1,18,23,THE MAISON 23,,
skyworld,,2026-09-04,31051-1,457,492,RESIDENSI AWANI PRIMA,,
skyworld,,2026-09-04,30176-1,656,830,RESIDENSI CURVO,,"Latest sales - Block A: 429 units, Block B: 227 units"
skyworld,,2026-09-04,30976-1,241,510,RESIDENSI SKYAMAN 1,,Latest sales - Block A: 241 units
skyworld,,2026-09-04,31075-1,1351,3982,SKYAWANI PEARLMONT RESIDENCES,,"Latest sales - Block 1B: 567 units, Block 1C: 530 units, Block 1D: 254 units"
skyworld,,2026-09-04,19840-2,932,1001,RESIDENSI VESTA,,"Latest sales - Block A: 467 units, Block B: 465 units"
tslaw,,2026-09-04,31031-1,1400,1623,SKYLINE ONE SENTOSA,,"Latest sales - Block A: 728 units, Block B: 672 units"
tslaw,,2026-09-04,30331-1,1825,1838,RESIDENSI SKYLINE KUCHAI,,"Latest sales - Block A: 937 units, Block B: 888 units"
tslaw,,2026-09-04,9158-9,42,42,RESIDENCE HILLS,,
tslaw,,2026-09-04,19760-1,1286,1296,RESIDENSI SKYLINE DUTA AMPANG,,"Latest sales - Block A: 431 units, Block B: 424 units, Block C: 431 units"
trinitygroup,,2026-09-04,30857-1,36,714,PANGSAPURI SERI AURA,,"Latest sales - Block A: 1 units, Block B: 35 units"
trinitygroup,,2026-09-04,20140-2,348,737,BAYU CERIA,,"Latest sales - Block A1: 45 units, Block A2: 203 units, Block B: 100 units"
trinitygroup,,2026-09-04,10826-4,333,535,RESIDENSI RIMBA FLORA,,"Latest sales - Block A: 196 units, Block B: 137 units"
radium,,2026-09-04,30363-2,1128,1218,RESIDENSI DESA TIMUR,,"Latest sales - Block A: 182 units, Block B: 583 units, Block C: 362 units"
radium,,2026-09-04,30363-1,1124,1218,RESIDENSI DESA TIMUR,,"Latest sales - Block D: 602 units, Block E: 522 units"
radium,,2026-09-04,30821-1,521,988,RESIDENSI RADIUM,,"Latest sales - Block A: 261 units, Block B: 260 units"
radium,,2026-09-04,30121-1,380,944,SUITE CANSELOR,,
radium,,2026-09-04,31310-1,0,797,RESIDENSI RADIUM EVARA,,
